/*
SQLyog Ultimate v10.42 
MySQL - 5.7.14 : Database - jdtm
*********************************************************************
*/

/*!40101 SET NAMES utf8 */;

/*!40101 SET SQL_MODE=''*/;

/*!40014 SET @OLD_UNIQUE_CHECKS=@@UNIQUE_CHECKS, UNIQUE_CHECKS=0 */;
/*!40014 SET @OLD_FOREIGN_KEY_CHECKS=@@FOREIGN_KEY_CHECKS, FOREIGN_KEY_CHECKS=0 */;
/*!40101 SET @OLD_SQL_MODE=@@SQL_MODE, SQL_MODE='NO_AUTO_VALUE_ON_ZERO' */;
/*!40111 SET @OLD_SQL_NOTES=@@SQL_NOTES, SQL_NOTES=0 */;
CREATE DATABASE /*!32312 IF NOT EXISTS*/`jdtm` /*!40100 DEFAULT CHARACTER SET utf8 */;

USE `jdtm`;

/*Table structure for table `tp_admin_access` */

DROP TABLE IF EXISTS `tp_admin_access`;

CREATE TABLE `tp_admin_access` (
  `role_id` smallint(6) unsigned NOT NULL DEFAULT '0',
  `node_id` smallint(6) unsigned NOT NULL DEFAULT '0',
  `level` tinyint(1) unsigned NOT NULL DEFAULT '0',
  `pid` smallint(6) unsigned NOT NULL DEFAULT '0',
  KEY `groupId` (`role_id`),
  KEY `nodeId` (`node_id`)
) ENGINE=MyISAM DEFAULT CHARSET=utf8 ROW_FORMAT=DYNAMIC;

/*Data for the table `tp_admin_access` */

/*Table structure for table `tp_admin_group` */

DROP TABLE IF EXISTS `tp_admin_group`;

CREATE TABLE `tp_admin_group` (
  `id` smallint(3) unsigned NOT NULL AUTO_INCREMENT,
  `name` varchar(50) NOT NULL DEFAULT '',
  `icon` varchar(255) NOT NULL DEFAULT '' COMMENT 'icon小图标',
  `sort` int(11) unsigned NOT NULL DEFAULT '50',
  `status` tinyint(1) unsigned NOT NULL DEFAULT '1',
  `remark` varchar(255) NOT NULL DEFAULT '',
  `isdelete` tinyint(1) unsigned NOT NULL DEFAULT '0',
  `create_time` int(11) unsigned NOT NULL DEFAULT '0',
  `update_time` int(11) unsigned NOT NULL DEFAULT '0',
  PRIMARY KEY (`id`),
  KEY `sort` (`sort`)
) ENGINE=MyISAM AUTO_INCREMENT=4 DEFAULT CHARSET=utf8 ROW_FORMAT=DYNAMIC;

/*Data for the table `tp_admin_group` */

insert  into `tp_admin_group`(`id`,`name`,`icon`,`sort`,`status`,`remark`,`isdelete`,`create_time`,`update_time`) values (1,'系统管理','&#xe61d;',3,1,'',0,1450752856,1481180175),(2,'工具','&#xe616;',4,1,'',0,1476016712,1481180175),(3,'广告管理','&#xe6b6;',2,1,'网站页面广告位及广告图片管理',0,1501212593,1501212654);

/*Table structure for table `tp_admin_node` */

DROP TABLE IF EXISTS `tp_admin_node`;

CREATE TABLE `tp_admin_node` (
  `id` smallint(6) unsigned NOT NULL AUTO_INCREMENT,
  `pid` smallint(6) unsigned NOT NULL DEFAULT '0',
  `group_id` tinyint(3) unsigned NOT NULL DEFAULT '0',
  `name` varchar(255) NOT NULL DEFAULT '',
  `title` varchar(50) NOT NULL DEFAULT '',
  `remark` varchar(255) NOT NULL DEFAULT '',
  `level` tinyint(1) unsigned NOT NULL DEFAULT '0',
  `type` tinyint(1) unsigned NOT NULL DEFAULT '1' COMMENT '节点类型，1-控制器 | 0-方法',
  `sort` smallint(6) unsigned NOT NULL DEFAULT '50',
  `status` tinyint(1) NOT NULL DEFAULT '0',
  `isdelete` tinyint(1) unsigned NOT NULL DEFAULT '0',
  PRIMARY KEY (`id`),
  KEY `level` (`level`),
  KEY `pid` (`pid`),
  KEY `status` (`status`),
  KEY `name` (`name`),
  KEY `isdelete` (`isdelete`),
  KEY `sort` (`sort`),
  KEY `group_id` (`group_id`)
) ENGINE=MyISAM AUTO_INCREMENT=65 DEFAULT CHARSET=utf8 ROW_FORMAT=DYNAMIC;

/*Data for the table `tp_admin_node` */

insert  into `tp_admin_node`(`id`,`pid`,`group_id`,`name`,`title`,`remark`,`level`,`type`,`sort`,`status`,`isdelete`) values (1,0,1,'Admin','后台管理','后台管理，不可更改',1,1,1,1,0),(2,1,1,'AdminGroup','分组管理',' ',2,1,1,1,0),(3,1,1,'AdminNode','节点管理',' ',2,1,2,1,0),(4,1,1,'AdminRole','角色管理',' ',2,1,3,1,0),(5,1,1,'AdminUser','用户管理','',2,1,4,1,0),(6,1,0,'Index','首页','',2,1,50,1,0),(7,6,0,'welcome','欢迎页','',3,0,50,1,0),(8,6,0,'index','未定义','',3,0,50,1,0),(9,1,2,'Generate','代码自动生成','',2,1,50,1,0),(10,1,2,'Demo/excel','Excel一键导出','',2,0,2,1,0),(11,1,2,'Demo/download','下载','',2,0,3,1,0),(12,1,2,'Demo/downloadImage','远程图片下载','',2,0,4,1,0),(13,1,2,'Demo/mail','邮件发送','',2,0,5,1,0),(14,1,2,'Demo/qiniu','七牛上传','',2,0,6,1,0),(15,1,2,'Demo/hashids','ID加密','',2,0,7,1,0),(16,1,2,'Demo/layer','丰富弹层','',2,0,8,1,0),(17,1,2,'Demo/tableFixed','表格溢出','',2,0,9,1,0),(18,1,2,'Demo/ueditor','百度编辑器','',2,0,10,1,0),(19,1,2,'Demo/imageUpload','图片上传','',2,0,11,1,0),(20,1,2,'Demo/qrcode','二维码生成','',2,0,12,1,0),(21,1,1,'NodeMap','节点图','',2,1,5,1,0),(22,1,1,'WebLog','操作日志','',2,1,6,1,0),(23,1,1,'LoginLog','登录日志','',2,1,7,1,0),(59,1,2,'one.two.three.Four/index','多级节点','',2,0,50,1,0),(24,23,0,'index','首页','',3,0,50,1,0),(25,22,0,'index','列表','',3,0,50,1,0),(26,22,0,'detail','详情','',3,0,50,1,0),(27,21,0,'load','自动导入','',3,0,50,1,0),(28,21,0,'index','首页','',3,0,50,1,0),(29,5,0,'add','添加','',3,0,51,1,0),(30,21,0,'edit','编辑','',3,0,50,1,0),(31,21,0,'deleteForever','永久删除','',3,0,50,1,0),(32,9,0,'index','首页','',3,0,50,1,0),(33,9,0,'generate','生成方法','',3,0,50,1,0),(34,5,0,'password','修改密码','',3,0,50,1,0),(35,5,0,'index','首页','',3,0,50,1,0),(36,5,0,'add','添加','',3,0,50,1,0),(37,5,0,'edit','编辑','',3,0,50,1,0),(38,4,0,'user','用户列表','',3,0,50,1,0),(39,4,0,'access','授权','',3,0,50,1,0),(40,4,0,'index','首页','',3,0,50,1,0),(41,4,0,'add','添加','',3,0,50,1,0),(42,4,0,'edit','编辑','',3,0,50,1,0),(43,4,0,'forbid','默认禁用操作','',3,0,50,1,0),(44,4,0,'resume','默认恢复操作','',3,0,50,1,0),(45,3,0,'load','节点快速导入测试','',3,0,50,1,0),(46,3,0,'index','首页','',3,0,50,1,0),(47,3,0,'add','添加','',3,0,50,1,0),(48,3,0,'edit','编辑','',3,0,50,1,0),(49,3,0,'forbid','默认禁用操作','',3,0,50,1,0),(50,3,0,'resume','默认恢复操作','',3,0,50,1,0),(51,2,0,'index','首页','',3,0,50,1,0),(52,2,0,'add','添加','',3,0,50,1,0),(53,2,0,'edit','编辑','',3,0,50,1,0),(54,2,0,'forbid','默认禁用操作','',3,0,51,1,0),(55,2,0,'resume','默认恢复操作','',3,0,50,1,0),(56,1,2,'one','一级菜单','',2,1,13,1,0),(60,56,2,'two','二级','',3,1,50,1,0),(61,60,2,'three','三级菜单','',4,1,50,1,0),(62,61,2,'Four','四级菜单','',5,1,50,1,0),(63,1,3,'Adv','广告管理','',2,1,50,1,0),(64,1,3,'AdvPosition','广告位','',2,1,50,1,0);

/*Table structure for table `tp_admin_node_load` */

DROP TABLE IF EXISTS `tp_admin_node_load`;

CREATE TABLE `tp_admin_node_load` (
  `id` int(10) unsigned NOT NULL AUTO_INCREMENT COMMENT 'ID',
  `title` varchar(255) NOT NULL DEFAULT '' COMMENT '标题',
  `name` varchar(255) NOT NULL DEFAULT '' COMMENT '名称',
  `status` tinyint(4) unsigned NOT NULL DEFAULT '1' COMMENT '状态',
  PRIMARY KEY (`id`)
) ENGINE=InnoDB AUTO_INCREMENT=8 DEFAULT CHARSET=utf8 COMMENT='节点快速导入';

/*Data for the table `tp_admin_node_load` */

insert  into `tp_admin_node_load`(`id`,`title`,`name`,`status`) values (4,'编辑','edit',1),(5,'添加','add',1),(6,'首页','index',1),(7,'删除','delete',1);

/*Table structure for table `tp_admin_role` */

DROP TABLE IF EXISTS `tp_admin_role`;

CREATE TABLE `tp_admin_role` (
  `id` smallint(6) unsigned NOT NULL AUTO_INCREMENT,
  `pid` smallint(6) unsigned NOT NULL DEFAULT '0' COMMENT '父级id',
  `name` varchar(20) NOT NULL DEFAULT '' COMMENT '名称',
  `remark` varchar(255) NOT NULL DEFAULT '' COMMENT '备注',
  `status` tinyint(1) unsigned NOT NULL DEFAULT '1' COMMENT '状态',
  `isdelete` tinyint(1) unsigned NOT NULL DEFAULT '0',
  `create_time` int(11) unsigned NOT NULL DEFAULT '0',
  `update_time` int(11) unsigned NOT NULL DEFAULT '0',
  PRIMARY KEY (`id`),
  KEY `parentId` (`pid`),
  KEY `status` (`status`),
  KEY `isdelete` (`isdelete`)
) ENGINE=MyISAM AUTO_INCREMENT=3 DEFAULT CHARSET=utf8 ROW_FORMAT=DYNAMIC;

/*Data for the table `tp_admin_role` */

insert  into `tp_admin_role`(`id`,`pid`,`name`,`remark`,`status`,`isdelete`,`create_time`,`update_time`) values (1,0,'领导组',' ',1,0,1208784792,1254325558),(2,0,'网编组',' ',0,0,1215496283,1454049929);

/*Table structure for table `tp_admin_role_user` */

DROP TABLE IF EXISTS `tp_admin_role_user`;

CREATE TABLE `tp_admin_role_user` (
  `role_id` mediumint(9) unsigned DEFAULT NULL,
  `user_id` char(32) DEFAULT NULL,
  KEY `group_id` (`role_id`),
  KEY `user_id` (`user_id`)
) ENGINE=MyISAM DEFAULT CHARSET=utf8 ROW_FORMAT=FIXED;

/*Data for the table `tp_admin_role_user` */

/*Table structure for table `tp_admin_user` */

DROP TABLE IF EXISTS `tp_admin_user`;

CREATE TABLE `tp_admin_user` (
  `id` mediumint(8) unsigned NOT NULL AUTO_INCREMENT,
  `account` char(32) NOT NULL DEFAULT '',
  `realname` varchar(255) NOT NULL DEFAULT '',
  `password` char(32) NOT NULL DEFAULT '',
  `last_login_time` int(11) unsigned NOT NULL DEFAULT '0',
  `last_login_ip` char(15) NOT NULL DEFAULT '',
  `login_count` mediumint(8) unsigned NOT NULL DEFAULT '0',
  `email` varchar(50) NOT NULL DEFAULT '',
  `mobile` char(11) NOT NULL DEFAULT '',
  `remark` varchar(255) NOT NULL DEFAULT '',
  `status` tinyint(1) unsigned NOT NULL DEFAULT '50',
  `isdelete` tinyint(1) unsigned NOT NULL DEFAULT '0',
  `create_time` int(11) unsigned NOT NULL DEFAULT '0',
  `update_time` int(11) unsigned NOT NULL DEFAULT '0',
  PRIMARY KEY (`id`),
  KEY `accountpassword` (`account`,`password`)
) ENGINE=MyISAM AUTO_INCREMENT=3 DEFAULT CHARSET=utf8 ROW_FORMAT=DYNAMIC;

/*Data for the table `tp_admin_user` */

insert  into `tp_admin_user`(`id`,`account`,`realname`,`password`,`last_login_time`,`last_login_ip`,`login_count`,`email`,`mobile`,`remark`,`status`,`isdelete`,`create_time`,`update_time`) values (1,'admin','超级管理员','e10adc3949ba59abbe56e057f20f883e',1481333646,'127.0.0.1',385,'tianpian0805@gmail.com','13121126169','我是超级管理员',1,0,1222907803,1451033528),(2,'demo','测试','e10adc3949ba59abbe56e057f20f883e',1481206367,'127.0.0.1',5,'','','',1,0,1476777133,1477399793);

/*Table structure for table `tp_adv` */

DROP TABLE IF EXISTS `tp_adv`;

CREATE TABLE `tp_adv` (
  `id` int(11) unsigned NOT NULL AUTO_INCREMENT COMMENT '广告管理主键',
  `title` char(32) NOT NULL COMMENT '广告标题',
  `position_id` int(11) NOT NULL COMMENT '广告展位',
  `pic` varchar(255) NOT NULL COMMENT '广告图片',
  `link` varchar(255) DEFAULT NULL COMMENT '广告链接',
  `target` tinyint(1) NOT NULL DEFAULT '0' COMMENT '打开方式',
  `sort` tinyint(3) NOT NULL COMMENT '广告排序',
  `remark` text COMMENT '备注信息',
  `start_time` datetime NOT NULL COMMENT '开始时间',
  `end_time` datetime NOT NULL COMMENT '结束时间',
  `status` tinyint(1) unsigned NOT NULL DEFAULT '1' COMMENT '状态，1-正常 | 0-禁用',
  `isdelete` tinyint(1) unsigned NOT NULL DEFAULT '0' COMMENT '删除状态，1-删除 | 0-正常',
  `create_time` int(10) unsigned NOT NULL DEFAULT '0' COMMENT '创建时间',
  `update_time` int(10) unsigned NOT NULL DEFAULT '0' COMMENT '更新时间',
  PRIMARY KEY (`id`)
) ENGINE=InnoDB AUTO_INCREMENT=8 DEFAULT CHARSET=utf8 COMMENT='广告管理';

/*Data for the table `tp_adv` */

insert  into `tp_adv`(`id`,`title`,`position_id`,`pic`,`link`,`target`,`sort`,`remark`,`start_time`,`end_time`,`status`,`isdelete`,`create_time`,`update_time`) values (1,'妹子教你用京东特卖',1,'__IMG__/1zhe/2017-06-27_09_14_27.jpg','',1,7,'首页轮播图','2017-07-28 14:59:30','2017-07-28 14:59:32',0,0,1501225176,1501225176),(2,'京东特卖介绍',1,'__IMG__/1zhe/2016-11-04_17_46_24.png','http://www.bujie.com/',1,3,'网站介绍','2017-07-26 15:01:13','2017-08-04 15:01:19',1,0,1501225286,1501225286),(3,'得力彩铅12支',2,'__IMG__/1zhe/TB1nvR9RpXXXXbwXFXXXXXXXXXX_!!0-item_pic.jpg_290x290.jpg','http://www.bujie.com/',1,12,'彩色铅笔','2017-07-28 15:32:23','2018-08-28 15:32:26',1,0,1501227157,1501231651),(4,'京东酷玩街',1,'__IMG__/1zhe/2017-07-25-16-20.jpg','',1,1,'京东酷玩街','2017-07-28 15:33:54','2017-10-28 15:33:56',1,0,1501227241,1501227282),(5,'京东超级品类日',1,'__IMG__/1zhe/2017-07-25-16-25.jpg','http://www.bujie.com/',0,5,'京东数码超级品类日','2017-07-28 15:35:54','2017-08-10 15:35:56',1,0,1501227367,1501228609),(6,'iPhone磨砂手机壳',2,'__IMG__/1zhe/TB1O3k7OXXXXXXZapXXXXXXXXXX_!!0-item_pic.jpg_290x290.jpg','http://www.bujie.com/',1,11,'iPhone磨砂手机壳','2017-07-28 16:50:09','2017-07-28 17:30:12',1,0,1501231841,1501231841),(7,'夏女装',2,'__IMG__/1zhe/TB1vGAXLpXXXXXRXXXXXXXXXXXX_!!0-item_pic.jpg_290x290.jpg','',1,10,'夏女装','2017-07-28 16:56:19','2017-07-28 16:56:21',1,0,1501232182,1501232182);

/*Table structure for table `tp_adv_position` */

DROP TABLE IF EXISTS `tp_adv_position`;

CREATE TABLE `tp_adv_position` (
  `id` int(11) unsigned NOT NULL AUTO_INCREMENT COMMENT '广告位主键',
  `name` varchar(255) NOT NULL COMMENT '名称',
  `code` text NOT NULL COMMENT '代码',
  `status` tinyint(1) unsigned NOT NULL DEFAULT '1' COMMENT '状态，1-正常 | 0-禁用',
  `isdelete` tinyint(1) unsigned NOT NULL DEFAULT '0' COMMENT '删除状态，1-删除 | 0-正常',
  `create_time` int(10) unsigned NOT NULL DEFAULT '0' COMMENT '创建时间',
  `update_time` int(10) unsigned NOT NULL DEFAULT '0' COMMENT '更新时间',
  PRIMARY KEY (`id`)
) ENGINE=InnoDB AUTO_INCREMENT=3 DEFAULT CHARSET=utf8 COMMENT='广告位';

/*Data for the table `tp_adv_position` */

insert  into `tp_adv_position`(`id`,`name`,`code`,`status`,`isdelete`,`create_time`,`update_time`) values (1,'首页轮播图','&lt;ul class=&quot;item-img&quot; id=&quot;item-img&quot;&gt;\r\n                {volist name=&quot;banners&quot; id=&quot;vo&quot;}\r\n                &lt;li class=&quot;li1&quot; style=&quot;position: absolute; left: 0; top: 0; z-index: 1; display: block;&quot;&gt;\r\n                    &lt;a target=&quot;{$vo.target?\'_blank\':\'\'}&quot; href=&quot;{$vo.link}&quot;&gt;\r\n                        &lt;img title=&quot;{$vo.title}&quot; src=&quot;{$vo.pic}&quot;&gt;\r\n                    &lt;/a&gt;\r\n                &lt;/li&gt;\r\n                {/volist}\r\n            &lt;/ul&gt;',1,0,1501221307,1501229574),(2,'滚动优惠信息','&lt;div id=&quot;index_subject&quot; class=&quot;zt_class&quot;&gt;\r\n                {volist name=&quot;discount&quot; id=&quot;vo&quot;}\r\n                    &lt;ul&gt;\r\n                        &lt;li&gt;\r\n                            &lt;a class=&quot;zt_img&quot; href=&quot;{$vo.link}&quot; target=&quot;{$vo.target?\'_blank\':\'\'}&quot; data-sub=&quot;sub1&quot;&gt;\r\n                                &lt;em class=&quot;zt_ico&quot;&gt;&lt;/em&gt;\r\n                                &lt;img alt=&quot;{$vo.title}&quot; src=&quot;{$vo.pic}&quot; style=&quot;width: 100%;&quot;&gt;\r\n                            &lt;/a&gt;\r\n                        &lt;/li&gt;\r\n                    &lt;/ul&gt;\r\n                {/volist}\r\n                &lt;a class=&quot;title&quot; href=&quot;{$vo.link}&quot; target=&quot;{$vo.target?\'_blank\':\'\'}&quot;&gt;{$vo.title}&lt;/a&gt;\r\n            &lt;/div&gt;',1,0,1501225365,1501233290);

/*Table structure for table `tp_file` */

DROP TABLE IF EXISTS `tp_file`;

CREATE TABLE `tp_file` (
  `id` int(10) unsigned NOT NULL AUTO_INCREMENT,
  `cate` tinyint(3) unsigned NOT NULL DEFAULT '1' COMMENT '文件类型，1-image | 2-file',
  `name` varchar(255) NOT NULL DEFAULT '' COMMENT '文件名',
  `original` varchar(255) NOT NULL DEFAULT '' COMMENT '原文件名',
  `domain` varchar(255) NOT NULL DEFAULT '',
  `type` varchar(255) NOT NULL DEFAULT '',
  `size` int(10) unsigned NOT NULL DEFAULT '0',
  `mtime` int(10) unsigned NOT NULL DEFAULT '0',
  PRIMARY KEY (`id`)
) ENGINE=InnoDB DEFAULT CHARSET=utf8;

/*Data for the table `tp_file` */

/*Table structure for table `tp_login_log` */

DROP TABLE IF EXISTS `tp_login_log`;

CREATE TABLE `tp_login_log` (
  `id` int(10) unsigned NOT NULL AUTO_INCREMENT,
  `uid` mediumint(8) unsigned NOT NULL DEFAULT '0',
  `login_ip` char(15) NOT NULL DEFAULT '',
  `login_location` varchar(255) NOT NULL DEFAULT '',
  `login_browser` varchar(255) NOT NULL DEFAULT '',
  `login_os` varchar(255) NOT NULL DEFAULT '',
  `login_time` timestamp NOT NULL DEFAULT CURRENT_TIMESTAMP ON UPDATE CURRENT_TIMESTAMP,
  PRIMARY KEY (`id`),
  KEY `uid` (`uid`)
) ENGINE=InnoDB DEFAULT CHARSET=utf8;

/*Data for the table `tp_login_log` */

/*Table structure for table `tp_node_map` */

DROP TABLE IF EXISTS `tp_node_map`;

CREATE TABLE `tp_node_map` (
  `id` int(10) unsigned NOT NULL AUTO_INCREMENT,
  `module` varchar(255) NOT NULL DEFAULT '' COMMENT '模块',
  `controller` varchar(255) NOT NULL DEFAULT '' COMMENT '控制器',
  `action` varchar(255) NOT NULL DEFAULT '' COMMENT '方法',
  `method` char(6) NOT NULL DEFAULT '' COMMENT '请求方式',
  `comment` varchar(255) NOT NULL DEFAULT '' COMMENT '节点图描述',
  PRIMARY KEY (`id`),
  KEY `map` (`method`,`module`,`controller`,`action`) USING BTREE
) ENGINE=InnoDB AUTO_INCREMENT=166 DEFAULT CHARSET=utf8 ROW_FORMAT=COMPACT COMMENT='节点图';

/*Data for the table `tp_node_map` */

insert  into `tp_node_map`(`id`,`module`,`controller`,`action`,`method`,`comment`) values (1,'admin','AdminGroup','index','ALL','AdminGroup 首页'),(2,'admin','AdminGroup','recycleBin','ALL','AdminGroup 回收站'),(3,'admin','AdminGroup','add','ALL','AdminGroup 添加'),(4,'admin','AdminGroup','edit','ALL','AdminGroup 编辑'),(5,'admin','AdminGroup','delete','ALL','AdminGroup 默认删除操作'),(6,'admin','AdminGroup','recycle','ALL','AdminGroup 从回收站恢复'),(7,'admin','AdminGroup','forbid','ALL','AdminGroup 默认禁用操作'),(8,'admin','AdminGroup','resume','ALL','AdminGroup 默认恢复操作'),(9,'admin','AdminGroup','deleteForever','ALL','AdminGroup 永久删除'),(10,'admin','AdminGroup','clear','ALL','AdminGroup 清空回收站'),(11,'admin','AdminGroup','saveOrder','ALL','AdminGroup 保存排序'),(16,'admin','AdminNode','index','ALL','AdminNode 首页'),(17,'admin','AdminNode','recycleBin','ALL','AdminNode 回收站'),(18,'admin','AdminNode','sort','ALL','AdminNode 保存排序'),(19,'admin','AdminNode','load','ALL','AdminNode 节点快速导入'),(20,'admin','AdminNode','indexOld','ALL','AdminNode 首页'),(21,'admin','AdminNode','add','ALL','AdminNode 添加'),(22,'admin','AdminNode','edit','ALL','AdminNode 编辑'),(23,'admin','AdminNode','delete','ALL','AdminNode 默认删除操作'),(24,'admin','AdminNode','recycle','ALL','AdminNode 从回收站恢复'),(25,'admin','AdminNode','forbid','ALL','AdminNode 默认禁用操作'),(26,'admin','AdminNode','resume','ALL','AdminNode 默认恢复操作'),(27,'admin','AdminNode','deleteForever','ALL','AdminNode 永久删除'),(28,'admin','AdminNode','clear','ALL','AdminNode 清空回收站'),(29,'admin','AdminNode','saveOrder','ALL','AdminNode 保存排序'),(31,'admin','AdminNodeLoad','index','ALL','AdminNodeLoad 首页'),(32,'admin','AdminNodeLoad','recycleBin','ALL','AdminNodeLoad 回收站'),(33,'admin','AdminNodeLoad','add','ALL','AdminNodeLoad 添加'),(34,'admin','AdminNodeLoad','edit','ALL','AdminNodeLoad 编辑'),(35,'admin','AdminNodeLoad','forbid','ALL','AdminNodeLoad 默认禁用操作'),(36,'admin','AdminNodeLoad','resume','ALL','AdminNodeLoad 默认恢复操作'),(37,'admin','AdminNodeLoad','deleteForever','ALL','AdminNodeLoad 永久删除'),(38,'admin','AdminNodeLoad','clear','ALL','AdminNodeLoad 清空回收站'),(39,'admin','AdminNodeLoad','saveOrder','ALL','AdminNodeLoad 保存排序'),(46,'admin','AdminRole','user','ALL','AdminRole 用户列表'),(47,'admin','AdminRole','access','ALL','AdminRole 授权'),(48,'admin','AdminRole','index','ALL','AdminRole 首页'),(49,'admin','AdminRole','recycleBin','ALL','AdminRole 回收站'),(50,'admin','AdminRole','add','ALL','AdminRole 添加'),(51,'admin','AdminRole','edit','ALL','AdminRole 编辑'),(52,'admin','AdminRole','delete','ALL','AdminRole 默认删除操作'),(53,'admin','AdminRole','recycle','ALL','AdminRole 从回收站恢复'),(54,'admin','AdminRole','forbid','ALL','AdminRole 默认禁用操作'),(55,'admin','AdminRole','resume','ALL','AdminRole 默认恢复操作'),(56,'admin','AdminRole','deleteForever','ALL','AdminRole 永久删除'),(57,'admin','AdminRole','clear','ALL','AdminRole 清空回收站'),(58,'admin','AdminRole','saveOrder','ALL','AdminRole 保存排序'),(61,'admin','AdminUser','password','ALL','AdminUser 修改密码'),(62,'admin','AdminUser','index','ALL','AdminUser 首页'),(63,'admin','AdminUser','recycleBin','ALL','AdminUser 回收站'),(64,'admin','AdminUser','add','ALL','AdminUser 添加'),(65,'admin','AdminUser','edit','ALL','AdminUser 编辑'),(66,'admin','AdminUser','delete','ALL','AdminUser 默认删除操作'),(67,'admin','AdminUser','recycle','ALL','AdminUser 从回收站恢复'),(68,'admin','AdminUser','forbid','ALL','AdminUser 默认禁用操作'),(69,'admin','AdminUser','resume','ALL','AdminUser 默认恢复操作'),(70,'admin','AdminUser','deleteForever','ALL','AdminUser 永久删除'),(71,'admin','AdminUser','clear','ALL','AdminUser 清空回收站'),(72,'admin','AdminUser','saveOrder','ALL','AdminUser 保存排序'),(76,'admin','Demo','excel','ALL','Demo Excel一键导出'),(77,'admin','Demo','download','ALL','Demo 下载文件'),(78,'admin','Demo','downloadImage','ALL','Demo 下载远程图片'),(79,'admin','Demo','mail','ALL','Demo 发送邮件'),(80,'admin','Demo','ueditor','ALL','Demo 百度编辑器'),(81,'admin','Demo','qiniu','ALL','Demo 七牛上传'),(82,'admin','Demo','hashids','ALL','Demo ID加密'),(83,'admin','Demo','layer','ALL','Demo 丰富弹层'),(84,'admin','Demo','tableFixed','ALL','Demo 表格溢出'),(85,'admin','Demo','imageUpload','ALL','Demo 图片上传回调'),(86,'admin','Demo','qrcode','ALL','Demo 二维码生成'),(91,'admin','Index','index','ALL','Index '),(92,'admin','Index','welcome','ALL','Index 欢迎页'),(94,'admin','LoginLog','index','ALL','LoginLog 首页'),(95,'admin','LoginLog','saveOrder','ALL','LoginLog 保存排序'),(97,'admin','NodeMap','load','ALL','NodeMap 自动导入'),(98,'admin','NodeMap','index','ALL','NodeMap 首页'),(99,'admin','NodeMap','recycleBin','ALL','NodeMap 回收站'),(100,'admin','NodeMap','add','ALL','NodeMap 添加'),(101,'admin','NodeMap','edit','ALL','NodeMap 编辑'),(102,'admin','NodeMap','deleteForever','ALL','NodeMap 永久删除'),(103,'admin','NodeMap','saveOrder','ALL','NodeMap 保存排序'),(104,'admin','Pub','login','ALL','Pub 用户登录页面'),(105,'admin','Pub','loginFrame','ALL','Pub 小窗口登录页面'),(106,'admin','Pub','index','ALL','Pub 首页'),(107,'admin','Pub','logout','ALL','Pub 用户登出'),(108,'admin','Pub','checkLogin','ALL','Pub 登录检测'),(109,'admin','Pub','password','ALL','Pub 修改密码'),(110,'admin','Pub','profile','ALL','Pub 查看用户信息|修改资料'),(111,'admin','Upload','index','ALL','Upload 首页'),(112,'admin','Upload','upload','ALL','Upload 文件上传'),(113,'admin','Upload','remote','ALL','Upload 远程图片抓取'),(114,'admin','Upload','listImage','ALL','Upload 图片列表'),(118,'admin','WebLog','index','ALL','WebLog 列表'),(119,'admin','WebLog','detail','ALL','WebLog 详情'),(121,'admin','one.two.three.Four','index','ALL','Four 首页'),(122,'admin','one.two.three.Four','recycleBin','ALL','Four 回收站'),(123,'admin','one.two.three.Four','add','ALL','Four 添加'),(124,'admin','one.two.three.Four','edit','ALL','Four 编辑'),(125,'admin','one.two.three.Four','delete','ALL','Four 默认删除操作'),(126,'admin','one.two.three.Four','recycle','ALL','Four 从回收站恢复'),(127,'admin','one.two.three.Four','forbid','ALL','Four 默认禁用操作'),(128,'admin','one.two.three.Four','resume','ALL','Four 默认恢复操作'),(129,'admin','one.two.three.Four','deleteForever','ALL','Four 永久删除'),(130,'admin','one.two.three.Four','clear','ALL','Four 清空回收站'),(131,'admin','one.two.three.Four','saveOrder','ALL','Four 保存排序'),(136,'admin','Adv','index','ALL','Adv 首页'),(137,'admin','Adv','recycleBin','ALL','Adv 回收站'),(138,'admin','Adv','add','ALL','Adv 添加'),(139,'admin','Adv','edit','ALL','Adv 编辑'),(140,'admin','Adv','delete','ALL','Adv 默认删除操作'),(141,'admin','Adv','recycle','ALL','Adv 从回收站恢复'),(142,'admin','Adv','forbid','ALL','Adv 默认禁用操作'),(143,'admin','Adv','resume','ALL','Adv 默认恢复操作'),(144,'admin','Adv','deleteForever','ALL','Adv 永久删除'),(145,'admin','Adv','clear','ALL','Adv 清空回收站'),(146,'admin','Adv','saveOrder','ALL','Adv 保存排序'),(151,'admin','AdvPosition','index','ALL','AdvPosition 首页'),(152,'admin','AdvPosition','recycleBin','ALL','AdvPosition 回收站'),(153,'admin','AdvPosition','add','ALL','AdvPosition 添加'),(154,'admin','AdvPosition','edit','ALL','AdvPosition 编辑'),(155,'admin','AdvPosition','delete','ALL','AdvPosition 默认删除操作'),(156,'admin','AdvPosition','recycle','ALL','AdvPosition 从回收站恢复'),(157,'admin','AdvPosition','forbid','ALL','AdvPosition 默认禁用操作'),(158,'admin','AdvPosition','resume','ALL','AdvPosition 默认恢复操作'),(159,'admin','AdvPosition','deleteForever','ALL','AdvPosition 永久删除'),(160,'admin','AdvPosition','clear','ALL','AdvPosition 清空回收站'),(161,'admin','AdvPosition','saveOrder','ALL','AdvPosition 保存排序');

/*Table structure for table `tp_one_two_three_four` */

DROP TABLE IF EXISTS `tp_one_two_three_four`;

CREATE TABLE `tp_one_two_three_four` (
  `id` int(11) unsigned NOT NULL AUTO_INCREMENT COMMENT '四级控制器主键',
  `field1` varchar(255) DEFAULT NULL COMMENT '字段一',
  `option` varchar(255) DEFAULT NULL COMMENT '选填',
  `select` varchar(255) DEFAULT NULL COMMENT '下拉框',
  `radio` varchar(255) DEFAULT NULL COMMENT '单选',
  `checkbox` varchar(255) DEFAULT NULL COMMENT '复选框',
  `password` varchar(255) DEFAULT NULL COMMENT '密码',
  `textarea` varchar(255) DEFAULT NULL COMMENT '文本域',
  `date` varchar(255) DEFAULT NULL COMMENT '日期',
  `mobile` varchar(255) DEFAULT NULL COMMENT '手机号',
  `email` varchar(255) DEFAULT NULL COMMENT '邮箱',
  `sort` smallint(5) DEFAULT '50' COMMENT '排序',
  `status` tinyint(1) unsigned NOT NULL DEFAULT '1' COMMENT '状态，1-正常 | 0-禁用',
  `isdelete` tinyint(1) unsigned NOT NULL DEFAULT '0' COMMENT '删除状态，1-删除 | 0-正常',
  `create_time` int(10) unsigned NOT NULL DEFAULT '0' COMMENT '创建时间',
  `update_time` int(10) unsigned NOT NULL DEFAULT '0' COMMENT '更新时间',
  PRIMARY KEY (`id`),
  KEY `sort` (`sort`)
) ENGINE=InnoDB AUTO_INCREMENT=2 DEFAULT CHARSET=utf8 COMMENT='四级控制器';

/*Data for the table `tp_one_two_three_four` */

insert  into `tp_one_two_three_four`(`id`,`field1`,`option`,`select`,`radio`,`checkbox`,`password`,`textarea`,`date`,`mobile`,`email`,`sort`,`status`,`isdelete`,`create_time`,`update_time`) values (1,'yuan1994','tpadmin','2','1',NULL,'2222','https://github.com/yuan1994/tpadmin','2016-12-07','13012345678','tianpian0805@gmail.com',50,1,0,1481947278,1481947353);

/*Table structure for table `tp_web_log_001` */

DROP TABLE IF EXISTS `tp_web_log_001`;

CREATE TABLE `tp_web_log_001` (
  `id` int(10) unsigned NOT NULL AUTO_INCREMENT COMMENT '日志主键',
  `uid` smallint(5) unsigned NOT NULL DEFAULT '0' COMMENT '用户id',
  `ip` char(15) NOT NULL DEFAULT '' COMMENT '访客ip',
  `location` varchar(255) NOT NULL DEFAULT '' COMMENT '访客地址',
  `os` varchar(255) NOT NULL DEFAULT '' COMMENT '操作系统',
  `browser` varchar(255) NOT NULL DEFAULT '' COMMENT '浏览器',
  `url` varchar(255) NOT NULL DEFAULT '' COMMENT 'url',
  `module` varchar(255) NOT NULL DEFAULT '' COMMENT '模块',
  `controller` varchar(255) NOT NULL DEFAULT '' COMMENT '控制器',
  `action` varchar(255) NOT NULL DEFAULT '' COMMENT '方法',
  `method` char(6) NOT NULL DEFAULT '' COMMENT '请求方式',
  `data` text COMMENT '请求的param数据，serialize后的',
  `create_at` int(10) unsigned NOT NULL DEFAULT '0' COMMENT '操作时间',
  PRIMARY KEY (`id`),
  KEY `uid` (`uid`),
  KEY `ip` (`ip`),
  KEY `create_at` (`create_at`) USING BTREE
) ENGINE=MyISAM AUTO_INCREMENT=533 DEFAULT CHARSET=utf8 COMMENT='网站日志';

/*Data for the table `tp_web_log_001` */

insert  into `tp_web_log_001`(`id`,`uid`,`ip`,`location`,`os`,`browser`,`url`,`module`,`controller`,`action`,`method`,`data`,`create_at`) values (1,1,'0.0.0.0','保留地址 保留地址  ','Windows 7','Chrome(59.0.3071.115)','http://localhost/jdtm/public/admin','admin','Index','index','GET','a:0:{}',1501211733),(2,1,'0.0.0.0','保留地址 保留地址  ','Windows 7','Chrome(59.0.3071.115)','http://localhost/jdtm/public/admin/index/welcome.html','admin','Index','welcome','GET','a:0:{}',1501211733),(3,1,'0.0.0.0','保留地址 保留地址  ','Windows 7','Chrome(59.0.3071.115)','http://localhost/jdtm/public/admin/admin_group/index.html','admin','AdminGroup','index','GET','a:0:{}',1501211736),(4,1,'0.0.0.0','保留地址 保留地址  ','Windows 7','Chrome(59.0.3071.115)','http://localhost/jdtm/public/admin/admin_role/index.html','admin','AdminRole','index','GET','a:0:{}',1501211738),(5,1,'0.0.0.0','保留地址 保留地址  ','Windows 7','Chrome(59.0.3071.115)','http://localhost/jdtm/public/admin/admin_node/index.html','admin','AdminNode','index','GET','a:0:{}',1501211739),(6,1,'0.0.0.0','保留地址 保留地址  ','Windows 7','Chrome(59.0.3071.115)','http://localhost/jdtm/public/admin/admin_node/index','admin','AdminNode','index','POST','a:2:{s:4:\"type\";s:5:\"group\";s:9:\"module_id\";s:1:\"1\";}',1501211739),(7,1,'0.0.0.0','保留地址 保留地址  ','Windows 7','Chrome(59.0.3071.115)','http://localhost/jdtm/public/admin/admin_node/index','admin','AdminNode','index','POST','a:3:{s:4:\"type\";s:4:\"node\";s:9:\"module_id\";s:1:\"1\";s:8:\"group_id\";s:1:\"1\";}',1501211739),(8,1,'0.0.0.0','保留地址 保留地址  ','Windows 7','Chrome(59.0.3071.115)','http://localhost/jdtm/public/admin/admin_user/index.html','admin','AdminUser','index','GET','a:0:{}',1501211740),(9,1,'0.0.0.0','保留地址 保留地址  ','Windows 7','Chrome(59.0.3071.115)','http://localhost/jdtm/public/admin/node_map/index.html','admin','NodeMap','index','GET','a:0:{}',1501211740),(10,1,'0.0.0.0','保留地址 保留地址  ','Windows 7','Chrome(59.0.3071.115)','http://localhost/jdtm/public/admin/web_log/index.html','admin','WebLog','index','GET','a:0:{}',1501211741),(11,1,'0.0.0.0','保留地址 保留地址  ','Windows 7','Chrome(59.0.3071.115)','http://localhost/jdtm/public/admin/login_log/index.html','admin','LoginLog','index','GET','a:0:{}',1501211742),(12,1,'0.0.0.0','保留地址 保留地址  ','Windows 7','Chrome(59.0.3071.115)','http://localhost/jdtm/public/admin/web_log/index.html','admin','WebLog','index','GET','a:0:{}',1501211743),(13,1,'0.0.0.0','保留地址 保留地址  ','Windows 7','Chrome(59.0.3071.115)','http://localhost/jdtm/public/admin','admin','Index','index','GET','a:0:{}',1501211861),(14,1,'0.0.0.0','保留地址 保留地址  ','Windows 7','Chrome(59.0.3071.115)','http://localhost/jdtm/public/admin/index/welcome.html','admin','Index','welcome','GET','a:0:{}',1501211861),(15,1,'0.0.0.0','保留地址 保留地址  ','Windows 7','Chrome(59.0.3071.115)','http://localhost/jdtm/public/admin/generate/index.html','admin','Generate','index','GET','a:0:{}',1501211876),(16,1,'0.0.0.0','保留地址 保留地址  ','Windows 7','Chrome(59.0.3071.115)','http://localhost/jdtm/public/admin/demo/excel.html','admin','Demo','excel','GET','a:0:{}',1501211877),(17,1,'0.0.0.0','保留地址 保留地址  ','Windows 7','Chrome(59.0.3071.115)','http://localhost/jdtm/public/admin/demo/download.html','admin','Demo','download','GET','a:0:{}',1501211878),(18,1,'0.0.0.0','保留地址 保留地址  ','Windows 7','Chrome(59.0.3071.115)','http://localhost/jdtm/public/admin/demo/downloadimage.html','admin','Demo','downloadimage','GET','a:0:{}',1501211878),(19,1,'0.0.0.0','保留地址 保留地址  ','Windows 7','Chrome(59.0.3071.115)','http://localhost/jdtm/public/admin/demo/mail.html','admin','Demo','mail','GET','a:0:{}',1501211879),(20,1,'0.0.0.0','保留地址 保留地址  ','Windows 7','Chrome(59.0.3071.115)','http://localhost/jdtm/public/admin/demo/qiniu.html','admin','Demo','qiniu','GET','a:0:{}',1501211880),(21,1,'0.0.0.0','保留地址 保留地址  ','Windows 7','Chrome(59.0.3071.115)','http://localhost/jdtm/public/admin/demo/hashids.html','admin','Demo','hashids','GET','a:0:{}',1501211881),(22,1,'0.0.0.0','保留地址 保留地址  ','Windows 7','Chrome(59.0.3071.115)','http://localhost/jdtm/public/admin/demo/layer.html','admin','Demo','layer','GET','a:0:{}',1501211882),(23,1,'0.0.0.0','保留地址 保留地址  ','Windows 7','Chrome(59.0.3071.115)','http://localhost/jdtm/public/admin/demo/tablefixed.html','admin','Demo','tablefixed','GET','a:0:{}',1501211883),(24,1,'0.0.0.0','保留地址 保留地址  ','Windows 7','Chrome(59.0.3071.115)','http://localhost/jdtm/public/admin/demo/ueditor.html','admin','Demo','ueditor','GET','a:0:{}',1501211883),(25,1,'0.0.0.0','保留地址 保留地址  ','Windows 7','Chrome(59.0.3071.115)','http://localhost/jdtm/public/admin/ueditor/index.html?action=config&&noCache=1501211883799','admin','Ueditor','index','GET','a:2:{s:6:\"action\";s:6:\"config\";s:7:\"noCache\";s:13:\"1501211883799\";}',1501211883),(26,1,'0.0.0.0','保留地址 保留地址  ','Windows 7','Chrome(59.0.3071.115)','http://localhost/jdtm/public/admin/demo/imageupload.html','admin','Demo','imageupload','GET','a:0:{}',1501211884),(27,1,'0.0.0.0','保留地址 保留地址  ','Windows 7','Chrome(59.0.3071.115)','http://localhost/jdtm/public/admin/demo/qrcode.html','admin','Demo','qrcode','GET','a:0:{}',1501211885),(28,1,'0.0.0.0','保留地址 保留地址  ','Windows 7','Chrome(59.0.3071.115)','http://localhost/jdtm/public/admin/one.two.three.four/index.html','admin','one.two.three.Four','index','GET','a:0:{}',1501211886),(29,1,'0.0.0.0','保留地址 保留地址  ','Windows 7','Chrome(59.0.3071.115)','http://localhost/jdtm/public/admin/one.two.three.four/index.html','admin','one.two.three.Four','index','GET','a:0:{}',1501211889),(30,1,'0.0.0.0','保留地址 保留地址  ','Windows 7','Chrome(59.0.3071.115)','http://localhost/jdtm/public/admin/admin_group/index.html','admin','AdminGroup','index','GET','a:0:{}',1501212327),(31,1,'0.0.0.0','保留地址 保留地址  ','Windows 7','Chrome(59.0.3071.115)','http://localhost/jdtm/public/admin/admin_group/add.html','admin','AdminGroup','add','GET','a:0:{}',1501212343),(32,1,'0.0.0.0','保留地址 保留地址  ','Windows 7','Chrome(59.0.3071.115)','http://localhost/jdtm/public/admin/admin_group/add.html','admin','AdminGroup','add','POST','a:6:{s:2:\"id\";s:0:\"\";s:4:\"name\";s:12:\"广告管理\";s:4:\"icon\";s:12:\"&amp;#xe72b;\";s:4:\"sort\";s:2:\"50\";s:6:\"status\";s:1:\"1\";s:6:\"remark\";s:42:\"网站页面广告位及广告图片管理\";}',1501212593),(33,1,'0.0.0.0','保留地址 保留地址  ','Windows 7','Chrome(59.0.3071.115)','http://localhost/jdtm/public/admin/admin_group/index.html','admin','AdminGroup','index','GET','a:0:{}',1501212594),(34,1,'0.0.0.0','保留地址 保留地址  ','Windows 7','Chrome(59.0.3071.115)','http://localhost/jdtm/public/admin','admin','Index','index','GET','a:0:{}',1501212599),(35,1,'0.0.0.0','保留地址 保留地址  ','Windows 7','Chrome(59.0.3071.115)','http://localhost/jdtm/public/admin/index/welcome.html','admin','Index','welcome','GET','a:0:{}',1501212600),(36,1,'0.0.0.0','保留地址 保留地址  ','Windows 7','Chrome(59.0.3071.115)','http://localhost/jdtm/public/admin/admin_group/index.html','admin','AdminGroup','index','GET','a:0:{}',1501212604),(37,1,'0.0.0.0','保留地址 保留地址  ','Windows 7','Chrome(59.0.3071.115)','http://localhost/jdtm/public/admin/admin_group/edit/id/3.html','admin','AdminGroup','edit','GET','a:1:{s:2:\"id\";s:1:\"3\";}',1501212607),(38,1,'0.0.0.0','保留地址 保留地址  ','Windows 7','Chrome(59.0.3071.115)','http://localhost/jdtm/public/admin/admin_group/edit/id/3.html','admin','AdminGroup','edit','POST','a:6:{s:2:\"id\";s:1:\"3\";s:4:\"name\";s:12:\"广告管理\";s:4:\"icon\";s:12:\"&amp;#xe72b;\";s:4:\"sort\";s:2:\"50\";s:6:\"status\";s:1:\"1\";s:6:\"remark\";s:42:\"网站页面广告位及广告图片管理\";}',1501212629),(39,1,'0.0.0.0','保留地址 保留地址  ','Windows 7','Chrome(59.0.3071.115)','http://localhost/jdtm/public/admin/admin_group/index.html','admin','AdminGroup','index','GET','a:0:{}',1501212629),(40,1,'0.0.0.0','保留地址 保留地址  ','Windows 7','Chrome(59.0.3071.115)','http://localhost/jdtm/public/admin','admin','Index','index','GET','a:0:{}',1501212632),(41,1,'0.0.0.0','保留地址 保留地址  ','Windows 7','Chrome(59.0.3071.115)','http://localhost/jdtm/public/admin/index/welcome.html','admin','Index','welcome','GET','a:0:{}',1501212632),(42,1,'0.0.0.0','保留地址 保留地址  ','Windows 7','Chrome(59.0.3071.115)','http://localhost/jdtm/public/admin/admin_group/index.html','admin','AdminGroup','index','GET','a:0:{}',1501212634),(43,1,'0.0.0.0','保留地址 保留地址  ','Windows 7','Chrome(59.0.3071.115)','http://localhost/jdtm/public/admin/admin_group/edit/id/3.html','admin','AdminGroup','edit','GET','a:1:{s:2:\"id\";s:1:\"3\";}',1501212637),(44,1,'0.0.0.0','保留地址 保留地址  ','Windows 7','Chrome(59.0.3071.115)','http://localhost/jdtm/public/admin/admin_group/edit/id/2.html','admin','AdminGroup','edit','GET','a:1:{s:2:\"id\";s:1:\"2\";}',1501212646),(45,1,'0.0.0.0','保留地址 保留地址  ','Windows 7','Chrome(59.0.3071.115)','http://localhost/jdtm/public/admin/admin_group/edit/id/3.html','admin','AdminGroup','edit','GET','a:1:{s:2:\"id\";s:1:\"3\";}',1501212651),(46,1,'0.0.0.0','保留地址 保留地址  ','Windows 7','Chrome(59.0.3071.115)','http://localhost/jdtm/public/admin/admin_group/edit/id/3.html','admin','AdminGroup','edit','POST','a:6:{s:2:\"id\";s:1:\"3\";s:4:\"name\";s:12:\"广告管理\";s:4:\"icon\";s:12:\"&amp;#xe616;\";s:4:\"sort\";s:2:\"50\";s:6:\"status\";s:1:\"1\";s:6:\"remark\";s:42:\"网站页面广告位及广告图片管理\";}',1501212654),(47,1,'0.0.0.0','保留地址 保留地址  ','Windows 7','Chrome(59.0.3071.115)','http://localhost/jdtm/public/admin/admin_group/index.html','admin','AdminGroup','index','GET','a:0:{}',1501212655),(48,1,'0.0.0.0','保留地址 保留地址  ','Windows 7','Chrome(59.0.3071.115)','http://localhost/jdtm/public/admin/admin_group/edit/id/3.html','admin','AdminGroup','edit','GET','a:1:{s:2:\"id\";s:1:\"3\";}',1501212658),(49,1,'0.0.0.0','保留地址 保留地址  ','Windows 7','Chrome(59.0.3071.115)','http://localhost/jdtm/public/admin/admin_group/edit/id/2.html','admin','AdminGroup','edit','GET','a:1:{s:2:\"id\";s:1:\"2\";}',1501212665),(50,1,'0.0.0.0','保留地址 保留地址  ','Windows 7','Chrome(59.0.3071.115)','http://localhost/jdtm/public/admin','admin','Index','index','GET','a:0:{}',1501212691),(51,1,'0.0.0.0','保留地址 保留地址  ','Windows 7','Chrome(59.0.3071.115)','http://localhost/jdtm/public/admin/index/welcome.html','admin','Index','welcome','GET','a:0:{}',1501212692),(52,1,'0.0.0.0','保留地址 保留地址  ','Windows 7','Chrome(59.0.3071.115)','http://localhost/jdtm/public/admin/admin_group/index.html','admin','AdminGroup','index','GET','a:0:{}',1501212694),(53,1,'0.0.0.0','保留地址 保留地址  ','Windows 7','Chrome(59.0.3071.115)','http://localhost/jdtm/public/admin/admin_group/edit/id/3.html','admin','AdminGroup','edit','GET','a:1:{s:2:\"id\";s:1:\"3\";}',1501212697),(54,1,'0.0.0.0','保留地址 保留地址  ','Windows 7','Chrome(59.0.3071.115)','http://localhost/jdtm/public/admin','admin','Index','index','GET','a:0:{}',1501212724),(55,1,'0.0.0.0','保留地址 保留地址  ','Windows 7','Chrome(59.0.3071.115)','http://localhost/jdtm/public/admin/index/welcome.html','admin','Index','welcome','GET','a:0:{}',1501212725),(56,1,'0.0.0.0','保留地址 保留地址  ','Windows 7','Chrome(59.0.3071.115)','http://localhost/jdtm/public/admin/admin_group/index.html','admin','AdminGroup','index','GET','a:0:{}',1501212726),(57,1,'0.0.0.0','保留地址 保留地址  ','Windows 7','Chrome(59.0.3071.115)','http://localhost/jdtm/public/admin/admin_group/saveOrder','admin','AdminGroup','saveorder','POST','a:1:{s:4:\"sort\";a:3:{i:1;s:1:\"3\";i:2;s:1:\"4\";i:3;s:1:\"2\";}}',1501212757),(58,1,'0.0.0.0','保留地址 保留地址  ','Windows 7','Chrome(59.0.3071.115)','http://localhost/jdtm/public/admin','admin','Index','index','GET','a:0:{}',1501212763),(59,1,'0.0.0.0','保留地址 保留地址  ','Windows 7','Chrome(59.0.3071.115)','http://localhost/jdtm/public/admin/index/welcome.html','admin','Index','welcome','GET','a:0:{}',1501212763),(60,1,'0.0.0.0','保留地址 保留地址  ','Windows 7','Chrome(59.0.3071.115)','http://localhost/jdtm/public/admin/admin_group/index.html','admin','AdminGroup','index','GET','a:0:{}',1501212765),(61,1,'0.0.0.0','保留地址 保留地址  ','Windows 7','Chrome(59.0.3071.115)','http://localhost/jdtm/public/admin/admin_node/index.html','admin','AdminNode','index','GET','a:0:{}',1501212767),(62,1,'0.0.0.0','保留地址 保留地址  ','Windows 7','Chrome(59.0.3071.115)','http://localhost/jdtm/public/admin/admin_node/index','admin','AdminNode','index','POST','a:2:{s:4:\"type\";s:5:\"group\";s:9:\"module_id\";s:1:\"1\";}',1501212767),(63,1,'0.0.0.0','保留地址 保留地址  ','Windows 7','Chrome(59.0.3071.115)','http://localhost/jdtm/public/admin/admin_node/index','admin','AdminNode','index','POST','a:3:{s:4:\"type\";s:4:\"node\";s:9:\"module_id\";s:1:\"1\";s:8:\"group_id\";s:1:\"1\";}',1501212767),(64,1,'0.0.0.0','保留地址 保留地址  ','Windows 7','Chrome(59.0.3071.115)','http://localhost/jdtm/public/admin/admin_node/index','admin','AdminNode','index','POST','a:3:{s:4:\"type\";s:4:\"node\";s:9:\"module_id\";s:1:\"1\";s:8:\"group_id\";s:1:\"0\";}',1501212769),(65,1,'0.0.0.0','保留地址 保留地址  ','Windows 7','Chrome(59.0.3071.115)','http://localhost/jdtm/public/admin/admin_node/index','admin','AdminNode','index','POST','a:3:{s:4:\"type\";s:4:\"node\";s:9:\"module_id\";s:1:\"1\";s:8:\"group_id\";s:1:\"1\";}',1501212772),(66,1,'0.0.0.0','保留地址 保留地址  ','Windows 7','Chrome(59.0.3071.115)','http://localhost/jdtm/public/admin/admin_node/index','admin','AdminNode','index','POST','a:3:{s:4:\"type\";s:4:\"node\";s:9:\"module_id\";s:1:\"1\";s:8:\"group_id\";s:1:\"2\";}',1501212773),(67,1,'0.0.0.0','保留地址 保留地址  ','Windows 7','Chrome(59.0.3071.115)','http://localhost/jdtm/public/admin/admin_node/index','admin','AdminNode','index','POST','a:3:{s:4:\"type\";s:4:\"node\";s:9:\"module_id\";s:1:\"1\";s:8:\"group_id\";s:1:\"1\";}',1501212775),(68,1,'0.0.0.0','保留地址 保留地址  ','Windows 7','Chrome(59.0.3071.115)','http://localhost/jdtm/public/admin/admin_role/index.html','admin','AdminRole','index','GET','a:0:{}',1501212783),(69,1,'0.0.0.0','保留地址 保留地址  ','Windows 7','Chrome(59.0.3071.115)','http://localhost/jdtm/public/admin.html','admin','Index','index','GET','a:0:{}',1501212787),(70,1,'0.0.0.0','保留地址 保留地址  ','Windows 7','Chrome(59.0.3071.115)','http://localhost/jdtm/public/admin/index/welcome.html','admin','Index','welcome','GET','a:0:{}',1501212788),(71,1,'0.0.0.0','保留地址 保留地址  ','Windows 7','Chrome(59.0.3071.115)','http://localhost/jdtm/public/admin/admin_node/index.html','admin','AdminNode','index','GET','a:0:{}',1501212878),(72,1,'0.0.0.0','保留地址 保留地址  ','Windows 7','Chrome(59.0.3071.115)','http://localhost/jdtm/public/admin/admin_node/index','admin','AdminNode','index','POST','a:2:{s:4:\"type\";s:5:\"group\";s:9:\"module_id\";s:1:\"1\";}',1501212878),(73,1,'0.0.0.0','保留地址 保留地址  ','Windows 7','Chrome(59.0.3071.115)','http://localhost/jdtm/public/admin/admin_node/index','admin','AdminNode','index','POST','a:3:{s:4:\"type\";s:4:\"node\";s:9:\"module_id\";s:1:\"1\";s:8:\"group_id\";s:1:\"1\";}',1501212878),(74,1,'0.0.0.0','保留地址 保留地址  ','Windows 7','Chrome(59.0.3071.115)','http://localhost/jdtm/public/admin/admin_node/index','admin','AdminNode','index','POST','a:2:{s:4:\"type\";s:5:\"group\";s:9:\"module_id\";s:1:\"1\";}',1501212893),(75,1,'0.0.0.0','保留地址 保留地址  ','Windows 7','Chrome(59.0.3071.115)','http://localhost/jdtm/public/admin/admin_node/index','admin','AdminNode','index','POST','a:3:{s:4:\"type\";s:4:\"node\";s:9:\"module_id\";s:1:\"1\";s:8:\"group_id\";s:1:\"1\";}',1501212893),(76,1,'0.0.0.0','保留地址 保留地址  ','Windows 7','Chrome(59.0.3071.115)','http://localhost/jdtm/public/admin/admin_node/index','admin','AdminNode','index','POST','a:3:{s:4:\"type\";s:4:\"node\";s:9:\"module_id\";s:1:\"1\";s:8:\"group_id\";s:1:\"2\";}',1501213039),(77,1,'0.0.0.0','保留地址 保留地址  ','Windows 7','Chrome(59.0.3071.115)','http://localhost/jdtm/public/admin/admin_node/index','admin','AdminNode','index','POST','a:3:{s:4:\"type\";s:4:\"node\";s:9:\"module_id\";s:1:\"1\";s:8:\"group_id\";s:1:\"1\";}',1501213042),(78,1,'0.0.0.0','保留地址 保留地址  ','Windows 7','Chrome(59.0.3071.115)','http://localhost/jdtm/public/admin/admin_node/index','admin','AdminNode','index','POST','a:3:{s:4:\"type\";s:4:\"node\";s:9:\"module_id\";s:1:\"1\";s:8:\"group_id\";s:1:\"0\";}',1501213043),(79,1,'0.0.0.0','保留地址 保留地址  ','Windows 7','Chrome(59.0.3071.115)','http://localhost/jdtm/public/admin/admin_node/index','admin','AdminNode','index','POST','a:3:{s:4:\"type\";s:4:\"node\";s:9:\"module_id\";s:1:\"1\";s:8:\"group_id\";s:1:\"1\";}',1501213045),(80,1,'0.0.0.0','保留地址 保留地址  ','Windows 7','Chrome(59.0.3071.115)','http://localhost/jdtm/public/admin/admin_node/index','admin','AdminNode','index','POST','a:3:{s:4:\"type\";s:4:\"node\";s:9:\"module_id\";s:1:\"1\";s:8:\"group_id\";s:1:\"2\";}',1501213046),(81,1,'0.0.0.0','保留地址 保留地址  ','Windows 7','Chrome(59.0.3071.115)','http://localhost/jdtm/public/admin/admin_node/index','admin','AdminNode','index','POST','a:3:{s:4:\"type\";s:4:\"node\";s:9:\"module_id\";s:1:\"1\";s:8:\"group_id\";s:1:\"0\";}',1501213047),(82,1,'0.0.0.0','保留地址 保留地址  ','Windows 7','Chrome(59.0.3071.115)','http://localhost/jdtm/public/admin/admin_node/index','admin','AdminNode','index','POST','a:3:{s:4:\"type\";s:4:\"node\";s:9:\"module_id\";s:1:\"1\";s:8:\"group_id\";s:1:\"1\";}',1501213048),(83,1,'0.0.0.0','保留地址 保留地址  ','Windows 7','Chrome(59.0.3071.115)','http://localhost/jdtm/public/admin/admin_node/index','admin','AdminNode','index','POST','a:3:{s:4:\"type\";s:4:\"node\";s:9:\"module_id\";s:1:\"1\";s:8:\"group_id\";s:1:\"2\";}',1501213048),(84,1,'0.0.0.0','保留地址 保留地址  ','Windows 7','Chrome(59.0.3071.115)','http://localhost/jdtm/public/admin/admin_node/index','admin','AdminNode','index','POST','a:3:{s:4:\"type\";s:4:\"node\";s:9:\"module_id\";s:1:\"1\";s:8:\"group_id\";s:1:\"1\";}',1501213049),(85,1,'0.0.0.0','保留地址 保留地址  ','Windows 7','Chrome(59.0.3071.115)','http://localhost/jdtm/public/admin/admin_node/add?pid=0','admin','AdminNode','add','GET','a:1:{s:3:\"pid\";s:1:\"0\";}',1501213067),(86,1,'0.0.0.0','保留地址 保留地址  ','Windows 7','Chrome(59.0.3071.115)','http://localhost/jdtm/public/admin/admin_node/add','admin','AdminNode','add','POST','a:9:{s:2:\"id\";s:0:\"\";s:3:\"pid\";s:1:\"0\";s:5:\"level\";s:1:\"1\";s:8:\"group_id\";s:1:\"3\";s:5:\"title\";s:12:\"广告管理\";s:4:\"name\";s:3:\"Adv\";s:4:\"type\";s:1:\"1\";s:4:\"sort\";s:2:\"50\";s:6:\"status\";s:1:\"1\";}',1501213176),(87,1,'0.0.0.0','保留地址 保留地址  ','Windows 7','Chrome(59.0.3071.115)','http://localhost/jdtm/public/admin/admin_node/index.html','admin','AdminNode','index','GET','a:0:{}',1501213176),(88,1,'0.0.0.0','保留地址 保留地址  ','Windows 7','Chrome(59.0.3071.115)','http://localhost/jdtm/public/admin/admin_node/index','admin','AdminNode','index','POST','a:2:{s:4:\"type\";s:5:\"group\";s:9:\"module_id\";s:1:\"1\";}',1501213177),(89,1,'0.0.0.0','保留地址 保留地址  ','Windows 7','Chrome(59.0.3071.115)','http://localhost/jdtm/public/admin/admin_node/index','admin','AdminNode','index','POST','a:3:{s:4:\"type\";s:4:\"node\";s:9:\"module_id\";s:1:\"1\";s:8:\"group_id\";s:1:\"1\";}',1501213177),(90,1,'0.0.0.0','保留地址 保留地址  ','Windows 7','Chrome(59.0.3071.115)','http://localhost/jdtm/public/admin/admin_node/index','admin','AdminNode','index','POST','a:2:{s:4:\"type\";s:5:\"group\";s:9:\"module_id\";s:2:\"63\";}',1501213184),(91,1,'0.0.0.0','保留地址 保留地址  ','Windows 7','Chrome(59.0.3071.115)','http://localhost/jdtm/public/admin/admin_node/edit?id=63','admin','AdminNode','edit','GET','a:1:{s:2:\"id\";s:2:\"63\";}',1501213415),(92,1,'0.0.0.0','保留地址 保留地址  ','Windows 7','Chrome(59.0.3071.115)','http://localhost/jdtm/public/admin.html','admin','Index','index','GET','a:0:{}',1501213424),(93,1,'0.0.0.0','保留地址 保留地址  ','Windows 7','Chrome(59.0.3071.115)','http://localhost/jdtm/public/admin/index/welcome.html','admin','Index','welcome','GET','a:0:{}',1501213424),(94,1,'0.0.0.0','保留地址 保留地址  ','Windows 7','Chrome(59.0.3071.115)','http://localhost/jdtm/public/admin/admin_group/index.html','admin','AdminGroup','index','GET','a:0:{}',1501213428),(95,1,'0.0.0.0','保留地址 保留地址  ','Windows 7','Chrome(59.0.3071.115)','http://localhost/jdtm/public/admin/admin_node/index.html','admin','AdminNode','index','GET','a:0:{}',1501213432),(96,1,'0.0.0.0','保留地址 保留地址  ','Windows 7','Chrome(59.0.3071.115)','http://localhost/jdtm/public/admin/admin_node/index','admin','AdminNode','index','POST','a:2:{s:4:\"type\";s:5:\"group\";s:9:\"module_id\";s:1:\"1\";}',1501213433),(97,1,'0.0.0.0','保留地址 保留地址  ','Windows 7','Chrome(59.0.3071.115)','http://localhost/jdtm/public/admin/admin_node/index','admin','AdminNode','index','POST','a:3:{s:4:\"type\";s:4:\"node\";s:9:\"module_id\";s:1:\"1\";s:8:\"group_id\";s:1:\"1\";}',1501213433),(98,1,'0.0.0.0','保留地址 保留地址  ','Windows 7','Chrome(59.0.3071.115)','http://localhost/jdtm/public/admin/node_map/index.html','admin','NodeMap','index','GET','a:0:{}',1501213436),(99,1,'0.0.0.0','保留地址 保留地址  ','Windows 7','Chrome(59.0.3071.115)','http://localhost/jdtm/public/admin/node_map/load.html','admin','NodeMap','load','POST','a:0:{}',1501213438),(100,1,'0.0.0.0','保留地址 保留地址  ','Windows 7','Chrome(59.0.3071.115)','http://localhost/jdtm/public/admin/node_map/index.html','admin','NodeMap','index','GET','a:0:{}',1501213439),(101,1,'0.0.0.0','保留地址 保留地址  ','Windows 7','Chrome(59.0.3071.115)','http://localhost/jdtm/public/admin/node_map/index.html?map=adv&comment=','admin','NodeMap','index','GET','a:2:{s:3:\"map\";s:3:\"adv\";s:7:\"comment\";s:0:\"\";}',1501213458),(102,1,'0.0.0.0','保留地址 保留地址  ','Windows 7','Chrome(59.0.3071.115)','http://localhost/jdtm/public/admin/node_map/index.html?map=&comment=','admin','NodeMap','index','GET','a:2:{s:3:\"map\";s:0:\"\";s:7:\"comment\";s:0:\"\";}',1501213465),(103,1,'0.0.0.0','保留地址 保留地址  ','Windows 7','Chrome(59.0.3071.115)','http://localhost/jdtm/public/admin/node_map/index.html?map=&comment=&p=6','admin','NodeMap','index','GET','a:3:{s:3:\"map\";s:0:\"\";s:7:\"comment\";s:0:\"\";s:1:\"p\";s:1:\"6\";}',1501213469),(104,1,'0.0.0.0','保留地址 保留地址  ','Windows 7','Chrome(59.0.3071.115)','http://localhost/jdtm/public/admin/node_map/index.html?map=&comment=&p=5','admin','NodeMap','index','GET','a:3:{s:3:\"map\";s:0:\"\";s:7:\"comment\";s:0:\"\";s:1:\"p\";s:1:\"5\";}',1501213476),(105,1,'0.0.0.0','保留地址 保留地址  ','Windows 7','Chrome(59.0.3071.115)','http://localhost/jdtm/public/admin/node_map/index.html?map=&comment=&p=4','admin','NodeMap','index','GET','a:3:{s:3:\"map\";s:0:\"\";s:7:\"comment\";s:0:\"\";s:1:\"p\";s:1:\"4\";}',1501213484),(106,1,'0.0.0.0','保留地址 保留地址  ','Windows 7','Chrome(59.0.3071.115)','http://localhost/jdtm/public/admin/admin_node/index','admin','AdminNode','index','POST','a:3:{s:4:\"type\";s:4:\"node\";s:9:\"module_id\";s:1:\"1\";s:8:\"group_id\";s:1:\"0\";}',1501213491),(107,1,'0.0.0.0','保留地址 保留地址  ','Windows 7','Chrome(59.0.3071.115)','http://localhost/jdtm/public/admin/admin_node/index','admin','AdminNode','index','POST','a:2:{s:4:\"type\";s:5:\"group\";s:9:\"module_id\";s:2:\"63\";}',1501213500),(108,1,'0.0.0.0','保留地址 保留地址  ','Windows 7','Chrome(59.0.3071.115)','http://localhost/jdtm/public/admin/admin_node/index','admin','AdminNode','index','POST','a:2:{s:4:\"type\";s:5:\"group\";s:9:\"module_id\";s:1:\"1\";}',1501213506),(109,1,'0.0.0.0','保留地址 保留地址  ','Windows 7','Chrome(59.0.3071.115)','http://localhost/jdtm/public/admin/admin_node/index','admin','AdminNode','index','POST','a:3:{s:4:\"type\";s:4:\"node\";s:9:\"module_id\";s:1:\"1\";s:8:\"group_id\";s:1:\"1\";}',1501213507),(110,1,'0.0.0.0','保留地址 保留地址  ','Windows 7','Chrome(59.0.3071.115)','http://localhost/jdtm/public/admin/admin_node/add?pid=1','admin','AdminNode','add','GET','a:1:{s:3:\"pid\";s:1:\"1\";}',1501213514),(111,1,'0.0.0.0','保留地址 保留地址  ','Windows 7','Chrome(59.0.3071.115)','http://localhost/jdtm/public/admin/admin_node/add','admin','AdminNode','add','POST','a:9:{s:2:\"id\";s:0:\"\";s:3:\"pid\";s:1:\"1\";s:5:\"level\";s:1:\"2\";s:8:\"group_id\";s:1:\"3\";s:5:\"title\";s:9:\"广告位\";s:4:\"name\";s:11:\"AdvPosition\";s:4:\"type\";s:1:\"1\";s:4:\"sort\";s:2:\"50\";s:6:\"status\";s:1:\"1\";}',1501213544),(112,1,'0.0.0.0','保留地址 保留地址  ','Windows 7','Chrome(59.0.3071.115)','http://localhost/jdtm/public/admin/admin_node/index.html','admin','AdminNode','index','GET','a:0:{}',1501213544),(113,1,'0.0.0.0','保留地址 保留地址  ','Windows 7','Chrome(59.0.3071.115)','http://localhost/jdtm/public/admin/admin_node/index','admin','AdminNode','index','POST','a:2:{s:4:\"type\";s:5:\"group\";s:9:\"module_id\";s:1:\"1\";}',1501213544),(114,1,'0.0.0.0','保留地址 保留地址  ','Windows 7','Chrome(59.0.3071.115)','http://localhost/jdtm/public/admin/admin_node/index','admin','AdminNode','index','POST','a:3:{s:4:\"type\";s:4:\"node\";s:9:\"module_id\";s:1:\"1\";s:8:\"group_id\";s:1:\"3\";}',1501213544),(115,1,'0.0.0.0','保留地址 保留地址  ','Windows 7','Chrome(59.0.3071.115)','http://localhost/jdtm/public/admin/admin_node/index','admin','AdminNode','index','POST','a:2:{s:4:\"type\";s:5:\"group\";s:9:\"module_id\";s:2:\"63\";}',1501213551),(116,1,'0.0.0.0','保留地址 保留地址  ','Windows 7','Chrome(59.0.3071.115)','http://localhost/jdtm/public/admin/admin_node/delete','admin','AdminNode','delete','POST','a:1:{s:2:\"id\";s:2:\"63\";}',1501213556),(117,1,'0.0.0.0','保留地址 保留地址  ','Windows 7','Chrome(59.0.3071.115)','http://localhost/jdtm/public/admin/admin_node/recyclebin.html','admin','AdminNode','recyclebin','GET','a:0:{}',1501213558),(118,1,'0.0.0.0','保留地址 保留地址  ','Windows 7','Chrome(59.0.3071.115)','http://localhost/jdtm/public/admin/admin_node/deleteforever.html','admin','AdminNode','deleteforever','POST','a:1:{s:2:\"id\";s:2:\"63\";}',1501213569),(119,1,'0.0.0.0','保留地址 保留地址  ','Windows 7','Chrome(59.0.3071.115)','http://localhost/jdtm/public/admin/admin_node/recyclebin.html','admin','AdminNode','recyclebin','GET','a:0:{}',1501213569),(120,1,'0.0.0.0','保留地址 保留地址  ','Windows 7','Chrome(59.0.3071.115)','http://localhost/jdtm/public/admin.html','admin','Index','index','GET','a:0:{}',1501213627),(121,1,'0.0.0.0','保留地址 保留地址  ','Windows 7','Chrome(59.0.3071.115)','http://localhost/jdtm/public/admin/index/welcome.html','admin','Index','welcome','GET','a:0:{}',1501213628),(122,1,'0.0.0.0','保留地址 保留地址  ','Windows 7','Chrome(59.0.3071.115)','http://localhost/jdtm/public/admin/admin_group/index.html','admin','AdminGroup','index','GET','a:0:{}',1501213631),(123,1,'0.0.0.0','保留地址 保留地址  ','Windows 7','Chrome(59.0.3071.115)','http://localhost/jdtm/public/admin/admin_node/index.html','admin','AdminNode','index','GET','a:0:{}',1501213632),(124,1,'0.0.0.0','保留地址 保留地址  ','Windows 7','Chrome(59.0.3071.115)','http://localhost/jdtm/public/admin/admin_node/index','admin','AdminNode','index','POST','a:2:{s:4:\"type\";s:5:\"group\";s:9:\"module_id\";s:1:\"1\";}',1501213633),(125,1,'0.0.0.0','保留地址 保留地址  ','Windows 7','Chrome(59.0.3071.115)','http://localhost/jdtm/public/admin/admin_node/index','admin','AdminNode','index','POST','a:3:{s:4:\"type\";s:4:\"node\";s:9:\"module_id\";s:1:\"1\";s:8:\"group_id\";s:1:\"1\";}',1501213633),(126,1,'0.0.0.0','保留地址 保留地址  ','Windows 7','Chrome(59.0.3071.115)','http://localhost/jdtm/public/admin/admin_node/add?pid=1','admin','AdminNode','add','GET','a:1:{s:3:\"pid\";s:1:\"1\";}',1501213635),(127,1,'0.0.0.0','保留地址 保留地址  ','Windows 7','Chrome(59.0.3071.115)','http://localhost/jdtm/public/admin/admin_node/add','admin','AdminNode','add','POST','a:9:{s:2:\"id\";s:0:\"\";s:3:\"pid\";s:1:\"1\";s:5:\"level\";s:1:\"2\";s:8:\"group_id\";s:1:\"3\";s:5:\"title\";s:12:\"广告管理\";s:4:\"name\";s:3:\"Adv\";s:4:\"type\";s:1:\"1\";s:4:\"sort\";s:2:\"50\";s:6:\"status\";s:1:\"1\";}',1501213653),(128,1,'0.0.0.0','保留地址 保留地址  ','Windows 7','Chrome(59.0.3071.115)','http://localhost/jdtm/public/admin/admin_node/index.html','admin','AdminNode','index','GET','a:0:{}',1501213653),(129,1,'0.0.0.0','保留地址 保留地址  ','Windows 7','Chrome(59.0.3071.115)','http://localhost/jdtm/public/admin/admin_node/index','admin','AdminNode','index','POST','a:2:{s:4:\"type\";s:5:\"group\";s:9:\"module_id\";s:1:\"1\";}',1501213653),(130,1,'0.0.0.0','保留地址 保留地址  ','Windows 7','Chrome(59.0.3071.115)','http://localhost/jdtm/public/admin/admin_node/index','admin','AdminNode','index','POST','a:3:{s:4:\"type\";s:4:\"node\";s:9:\"module_id\";s:1:\"1\";s:8:\"group_id\";s:1:\"3\";}',1501213653),(131,1,'0.0.0.0','保留地址 保留地址  ','Windows 7','Chrome(59.0.3071.115)','http://localhost/jdtm/public/admin/admin_node/add?pid=1','admin','AdminNode','add','GET','a:1:{s:3:\"pid\";s:1:\"1\";}',1501213666),(132,1,'0.0.0.0','保留地址 保留地址  ','Windows 7','Chrome(59.0.3071.115)','http://localhost/jdtm/public/admin/admin_node/add','admin','AdminNode','add','POST','a:9:{s:2:\"id\";s:0:\"\";s:3:\"pid\";s:1:\"1\";s:5:\"level\";s:1:\"2\";s:8:\"group_id\";s:1:\"3\";s:5:\"title\";s:9:\"广告位\";s:4:\"name\";s:11:\"AdvPosition\";s:4:\"type\";s:1:\"1\";s:4:\"sort\";s:2:\"50\";s:6:\"status\";s:1:\"1\";}',1501213681),(133,1,'0.0.0.0','保留地址 保留地址  ','Windows 7','Chrome(59.0.3071.115)','http://localhost/jdtm/public/admin/admin_node/index.html','admin','AdminNode','index','GET','a:0:{}',1501213681),(134,1,'0.0.0.0','保留地址 保留地址  ','Windows 7','Chrome(59.0.3071.115)','http://localhost/jdtm/public/admin/admin_node/index','admin','AdminNode','index','POST','a:2:{s:4:\"type\";s:5:\"group\";s:9:\"module_id\";s:1:\"1\";}',1501213681),(135,1,'0.0.0.0','保留地址 保留地址  ','Windows 7','Chrome(59.0.3071.115)','http://localhost/jdtm/public/admin/admin_node/index','admin','AdminNode','index','POST','a:3:{s:4:\"type\";s:4:\"node\";s:9:\"module_id\";s:1:\"1\";s:8:\"group_id\";s:1:\"3\";}',1501213681),(136,1,'0.0.0.0','保留地址 保留地址  ','Windows 7','Chrome(59.0.3071.115)','http://localhost/jdtm/public/admin.html','admin','Index','index','GET','a:0:{}',1501213684),(137,1,'0.0.0.0','保留地址 保留地址  ','Windows 7','Chrome(59.0.3071.115)','http://localhost/jdtm/public/admin/index/welcome.html','admin','Index','welcome','GET','a:0:{}',1501213684),(138,1,'0.0.0.0','保留地址 保留地址  ','Windows 7','Chrome(59.0.3071.115)','http://localhost/jdtm/public/admin/admin_group/index.html','admin','AdminGroup','index','GET','a:0:{}',1501213695),(139,1,'0.0.0.0','保留地址 保留地址  ','Windows 7','Chrome(59.0.3071.115)','http://localhost/jdtm/public/admin/admin_node/index.html','admin','AdminNode','index','GET','a:0:{}',1501213696),(140,1,'0.0.0.0','保留地址 保留地址  ','Windows 7','Chrome(59.0.3071.115)','http://localhost/jdtm/public/admin/admin_node/index','admin','AdminNode','index','POST','a:2:{s:4:\"type\";s:5:\"group\";s:9:\"module_id\";s:1:\"1\";}',1501213696),(141,1,'0.0.0.0','保留地址 保留地址  ','Windows 7','Chrome(59.0.3071.115)','http://localhost/jdtm/public/admin/admin_node/index','admin','AdminNode','index','POST','a:3:{s:4:\"type\";s:4:\"node\";s:9:\"module_id\";s:1:\"1\";s:8:\"group_id\";s:1:\"3\";}',1501213696),(142,1,'0.0.0.0','保留地址 保留地址  ','Windows 7','Chrome(59.0.3071.115)','http://localhost/jdtm/public/admin/admin_node/index','admin','AdminNode','index','POST','a:3:{s:4:\"type\";s:4:\"node\";s:9:\"module_id\";s:1:\"1\";s:8:\"group_id\";s:1:\"1\";}',1501213698),(143,1,'0.0.0.0','保留地址 保留地址  ','Windows 7','Chrome(59.0.3071.115)','http://localhost/jdtm/public/admin/admin_node/index','admin','AdminNode','index','POST','a:3:{s:4:\"type\";s:4:\"node\";s:9:\"module_id\";s:1:\"1\";s:8:\"group_id\";s:1:\"3\";}',1501213699),(144,1,'0.0.0.0','保留地址 保留地址  ','Windows 7','Chrome(59.0.3071.115)','http://localhost/jdtm/public/admin/admin_node/index','admin','AdminNode','index','POST','a:2:{s:4:\"type\";s:5:\"group\";s:9:\"module_id\";s:1:\"1\";}',1501213701),(145,1,'0.0.0.0','保留地址 保留地址  ','Windows 7','Chrome(59.0.3071.115)','http://localhost/jdtm/public/admin/admin_node/index','admin','AdminNode','index','POST','a:3:{s:4:\"type\";s:4:\"node\";s:9:\"module_id\";s:1:\"1\";s:8:\"group_id\";s:1:\"3\";}',1501213701),(146,1,'0.0.0.0','保留地址 保留地址  ','Windows 7','Chrome(59.0.3071.115)','http://localhost/jdtm/public/admin/admin_node/index','admin','AdminNode','index','POST','a:2:{s:4:\"type\";s:5:\"group\";s:9:\"module_id\";s:1:\"1\";}',1501213702),(147,1,'0.0.0.0','保留地址 保留地址  ','Windows 7','Chrome(59.0.3071.115)','http://localhost/jdtm/public/admin/admin_node/index','admin','AdminNode','index','POST','a:3:{s:4:\"type\";s:4:\"node\";s:9:\"module_id\";s:1:\"1\";s:8:\"group_id\";s:1:\"3\";}',1501213702),(148,1,'0.0.0.0','保留地址 保留地址  ','Windows 7','Chrome(59.0.3071.115)','http://localhost/jdtm/public/admin/admin_node/index','admin','AdminNode','index','POST','a:3:{s:4:\"type\";s:4:\"node\";s:9:\"module_id\";s:1:\"1\";s:8:\"group_id\";s:1:\"0\";}',1501213703),(149,1,'0.0.0.0','保留地址 保留地址  ','Windows 7','Chrome(59.0.3071.115)','http://localhost/jdtm/public/admin/admin_node/index','admin','AdminNode','index','POST','a:3:{s:4:\"type\";s:4:\"node\";s:9:\"module_id\";s:1:\"1\";s:8:\"group_id\";s:1:\"1\";}',1501213704),(150,1,'0.0.0.0','保留地址 保留地址  ','Windows 7','Chrome(59.0.3071.115)','http://localhost/jdtm/public/admin/admin_node/index','admin','AdminNode','index','POST','a:3:{s:4:\"type\";s:4:\"node\";s:9:\"module_id\";s:1:\"1\";s:8:\"group_id\";s:1:\"2\";}',1501213705),(151,1,'0.0.0.0','保留地址 保留地址  ','Windows 7','Chrome(59.0.3071.115)','http://localhost/jdtm/public/admin/admin_node/index','admin','AdminNode','index','POST','a:2:{s:4:\"type\";s:5:\"group\";s:9:\"module_id\";s:1:\"1\";}',1501213707),(152,1,'0.0.0.0','保留地址 保留地址  ','Windows 7','Chrome(59.0.3071.115)','http://localhost/jdtm/public/admin/admin_node/index','admin','AdminNode','index','POST','a:3:{s:4:\"type\";s:4:\"node\";s:9:\"module_id\";s:1:\"1\";s:8:\"group_id\";s:1:\"3\";}',1501213707),(153,1,'0.0.0.0','保留地址 保留地址  ','Windows 7','Chrome(59.0.3071.115)','http://localhost/jdtm/public/admin/admin_node/index','admin','AdminNode','index','POST','a:2:{s:4:\"type\";s:5:\"group\";s:9:\"module_id\";s:1:\"1\";}',1501213711),(154,1,'0.0.0.0','保留地址 保留地址  ','Windows 7','Chrome(59.0.3071.115)','http://localhost/jdtm/public/admin/admin_node/index','admin','AdminNode','index','POST','a:3:{s:4:\"type\";s:4:\"node\";s:9:\"module_id\";s:1:\"1\";s:8:\"group_id\";s:1:\"3\";}',1501213711),(155,1,'0.0.0.0','保留地址 保留地址  ','Windows 7','Chrome(59.0.3071.115)','http://localhost/jdtm/public/admin/admin_node/add?pid=63','admin','AdminNode','add','GET','a:1:{s:3:\"pid\";s:2:\"63\";}',1501213733),(156,1,'0.0.0.0','保留地址 保留地址  ','Windows 7','Chrome(59.0.3071.115)','http://localhost/jdtm/public/admin/admin_node/index','admin','AdminNode','index','POST','a:3:{s:4:\"type\";s:4:\"node\";s:9:\"module_id\";s:1:\"1\";s:8:\"group_id\";s:1:\"1\";}',1501213738),(157,1,'0.0.0.0','保留地址 保留地址  ','Windows 7','Chrome(59.0.3071.115)','http://localhost/jdtm/public/admin/admin_node/index','admin','AdminNode','index','POST','a:3:{s:4:\"type\";s:4:\"node\";s:9:\"module_id\";s:1:\"1\";s:8:\"group_id\";s:1:\"3\";}',1501213756),(158,1,'0.0.0.0','保留地址 保留地址  ','Windows 7','Chrome(59.0.3071.115)','http://localhost/jdtm/public/admin/admin_node/add?pid=63','admin','AdminNode','add','GET','a:1:{s:3:\"pid\";s:2:\"63\";}',1501213757),(159,1,'0.0.0.0','保留地址 保留地址  ','Windows 7','Chrome(59.0.3071.115)','http://localhost/jdtm/public/admin/admin_role/index.html','admin','AdminRole','index','GET','a:0:{}',1501213768),(160,1,'0.0.0.0','保留地址 保留地址  ','Windows 7','Chrome(59.0.3071.115)','http://localhost/jdtm/public/admin/admin_user/index.html','admin','AdminUser','index','GET','a:0:{}',1501213781),(161,1,'0.0.0.0','保留地址 保留地址  ','Windows 7','Chrome(59.0.3071.115)','http://localhost/jdtm/public/admin/generate/index.html','admin','Generate','index','GET','a:0:{}',1501213787),(162,1,'0.0.0.0','保留地址 保留地址  ','Windows 7','Chrome(59.0.3071.115)','http://localhost/jdtm/public/admin/generate/index.html?table=','admin','Generate','index','GET','a:1:{s:5:\"table\";s:0:\"\";}',1501213835),(163,1,'0.0.0.0','保留地址 保留地址  ','Windows 7','Chrome(59.0.3071.115)','http://localhost/jdtm/public/admin/generate/index.html','admin','Generate','index','GET','a:0:{}',1501213841),(164,1,'0.0.0.0','保留地址 保留地址  ','Windows 7','Chrome(59.0.3071.115)','http://localhost/jdtm/public/admin/generate/index.html?table=tp_adv','admin','Generate','index','GET','a:1:{s:5:\"table\";s:6:\"tp_adv\";}',1501213850),(165,1,'0.0.0.0','保留地址 保留地址  ','Windows 7','Chrome(59.0.3071.115)','http://localhost/jdtm/public/admin.html','admin','Index','index','GET','a:0:{}',1501214027),(166,1,'0.0.0.0','保留地址 保留地址  ','Windows 7','Chrome(59.0.3071.115)','http://localhost/jdtm/public/admin/index/welcome.html','admin','Index','welcome','GET','a:0:{}',1501214028),(167,1,'0.0.0.0','保留地址 保留地址  ','Windows 7','Chrome(59.0.3071.115)','http://localhost/jdtm/public/admin/adv/index.html','admin','Adv','index','GET','a:0:{}',1501214030),(168,1,'0.0.0.0','保留地址 保留地址  ','Windows 7','Chrome(59.0.3071.115)','http://localhost/jdtm/public/admin/adv_position/index.html','admin','AdvPosition','index','GET','a:0:{}',1501214032),(169,1,'0.0.0.0','保留地址 保留地址  ','Windows 7','Chrome(59.0.3071.115)','http://localhost/jdtm/public/admin/admin_node/index.html','admin','AdminNode','index','GET','a:0:{}',1501214039),(170,1,'0.0.0.0','保留地址 保留地址  ','Windows 7','Chrome(59.0.3071.115)','http://localhost/jdtm/public/admin/admin_node/index','admin','AdminNode','index','POST','a:2:{s:4:\"type\";s:5:\"group\";s:9:\"module_id\";s:1:\"1\";}',1501214039),(171,1,'0.0.0.0','保留地址 保留地址  ','Windows 7','Chrome(59.0.3071.115)','http://localhost/jdtm/public/admin/admin_node/index','admin','AdminNode','index','POST','a:3:{s:4:\"type\";s:4:\"node\";s:9:\"module_id\";s:1:\"1\";s:8:\"group_id\";s:1:\"3\";}',1501214039),(172,1,'0.0.0.0','保留地址 保留地址  ','Windows 7','Chrome(59.0.3071.115)','http://localhost/jdtm/public/admin/node_map/index.html','admin','NodeMap','index','GET','a:0:{}',1501214044),(173,1,'0.0.0.0','保留地址 保留地址  ','Windows 7','Chrome(59.0.3071.115)','http://localhost/jdtm/public/admin/node_map/load.html','admin','NodeMap','load','POST','a:0:{}',1501214045),(174,1,'0.0.0.0','保留地址 保留地址  ','Windows 7','Chrome(59.0.3071.115)','http://localhost/jdtm/public/admin/node_map/index.html','admin','NodeMap','index','GET','a:0:{}',1501214045),(175,1,'0.0.0.0','保留地址 保留地址  ','Windows 7','Chrome(59.0.3071.115)','http://localhost/jdtm/public/admin/node_map/load.html','admin','NodeMap','load','POST','a:0:{}',1501214046),(176,1,'0.0.0.0','保留地址 保留地址  ','Windows 7','Chrome(59.0.3071.115)','http://localhost/jdtm/public/admin/node_map/index.html','admin','NodeMap','index','GET','a:0:{}',1501214046),(177,1,'0.0.0.0','保留地址 保留地址  ','Windows 7','Chrome(59.0.3071.115)','http://localhost/jdtm/public/admin/adv/edit/id/12.html','admin','Adv','edit','GET','a:1:{s:2:\"id\";s:2:\"12\";}',1501214077),(178,1,'0.0.0.0','保留地址 保留地址  ','Windows 7','Chrome(59.0.3071.115)','http://localhost/jdtm/public/admin.html','admin','Index','index','GET','a:0:{}',1501214146),(179,1,'0.0.0.0','保留地址 保留地址  ','Windows 7','Chrome(59.0.3071.115)','http://localhost/jdtm/public/admin/index/welcome.html','admin','Index','welcome','GET','a:0:{}',1501214146),(180,1,'0.0.0.0','保留地址 保留地址  ','Windows 7','Chrome(59.0.3071.115)','http://localhost/jdtm/public/admin/adv/index.html','admin','Adv','index','GET','a:0:{}',1501214149),(181,1,'0.0.0.0','保留地址 保留地址  ','Windows 7','Chrome(59.0.3071.115)','http://localhost/jdtm/public/admin/adv/edit/id/12.html','admin','Adv','edit','GET','a:1:{s:2:\"id\";s:2:\"12\";}',1501214150),(182,1,'0.0.0.0','保留地址 保留地址  ','Windows 7','Chrome(59.0.3071.115)','http://localhost/jdtm/public/admin/adv/edit/id/12.html','admin','Adv','edit','GET','a:1:{s:2:\"id\";s:2:\"12\";}',1501214164),(183,1,'0.0.0.0','保留地址 保留地址  ','Windows 7','Chrome(59.0.3071.115)','http://localhost/jdtm/public/admin/adv/add.html','admin','Adv','add','GET','a:0:{}',1501214169),(184,1,'0.0.0.0','保留地址 保留地址  ','Windows 7','Chrome(59.0.3071.115)','http://localhost/jdtm/public/admin','admin','Index','index','GET','a:0:{}',1501214327),(185,1,'0.0.0.0','保留地址 保留地址  ','Windows 7','Chrome(59.0.3071.115)','http://localhost/jdtm/public/admin/index/welcome.html','admin','Index','welcome','GET','a:0:{}',1501214328),(186,1,'0.0.0.0','保留地址 保留地址  ','Windows 7','Chrome(59.0.3071.115)','http://localhost/jdtm/public/admin/generate/index.html','admin','Generate','index','GET','a:0:{}',1501214338),(187,1,'0.0.0.0','保留地址 保留地址  ','Windows 7','Chrome(59.0.3071.115)','http://localhost/jdtm/public/admin/generate/index.html?table=tp_adv','admin','Generate','index','GET','a:1:{s:5:\"table\";s:6:\"tp_adv\";}',1501214341),(188,1,'0.0.0.0','保留地址 保留地址  ','Windows 7','Chrome(59.0.3071.115)','http://localhost/jdtm/public/admin/generate/run.html','admin','Generate','run','POST','a:9:{s:4:\"file\";s:3:\"all\";s:6:\"module\";s:5:\"admin\";s:10:\"controller\";s:3:\"Adv\";s:5:\"title\";s:12:\"广告展示\";s:4:\"form\";a:10:{i:2;a:9:{s:5:\"title\";s:9:\"广告位\";s:4:\"name\";s:11:\"position_id\";s:4:\"type\";s:6:\"select\";s:6:\"option\";s:0:\"\";s:7:\"default\";s:1:\"0\";s:6:\"search\";s:1:\"1\";s:11:\"search_type\";s:4:\"text\";s:7:\"require\";s:1:\"1\";s:8:\"validate\";a:3:{s:8:\"datatype\";s:1:\"*\";s:7:\"nullmsg\";s:27:\"请选择相应的广告位\";s:8:\"errormsg\";s:0:\"\";}}i:3;a:8:{s:5:\"title\";s:12:\"开始时间\";s:4:\"name\";s:10:\"start_time\";s:4:\"type\";s:4:\"date\";s:6:\"option\";s:0:\"\";s:7:\"default\";s:0:\"\";s:11:\"search_type\";s:4:\"text\";s:7:\"require\";s:1:\"1\";s:8:\"validate\";a:3:{s:8:\"datatype\";s:1:\"*\";s:7:\"nullmsg\";s:27:\"请选择广告开始时间\";s:8:\"errormsg\";s:0:\"\";}}i:4;a:8:{s:5:\"title\";s:12:\"结束时间\";s:4:\"name\";s:8:\"end_time\";s:4:\"type\";s:4:\"date\";s:6:\"option\";s:0:\"\";s:7:\"default\";s:0:\"\";s:11:\"search_type\";s:4:\"text\";s:7:\"require\";s:1:\"1\";s:8:\"validate\";a:3:{s:8:\"datatype\";s:1:\"*\";s:7:\"nullmsg\";s:27:\"请选择广告结束时间\";s:8:\"errormsg\";s:0:\"\";}}i:5;a:8:{s:5:\"title\";s:12:\"图片地址\";s:4:\"name\";s:3:\"pic\";s:4:\"type\";s:4:\"text\";s:6:\"option\";s:0:\"\";s:7:\"default\";s:0:\"\";s:11:\"search_type\";s:4:\"text\";s:7:\"require\";s:1:\"1\";s:8:\"validate\";a:3:{s:8:\"datatype\";s:1:\"*\";s:7:\"nullmsg\";s:27:\"请填写广告图片地址\";s:8:\"errormsg\";s:0:\"\";}}i:6;a:7:{s:5:\"title\";s:6:\"链接\";s:4:\"name\";s:4:\"link\";s:4:\"type\";s:4:\"text\";s:6:\"option\";s:0:\"\";s:7:\"default\";s:0:\"\";s:11:\"search_type\";s:4:\"text\";s:8:\"validate\";a:3:{s:8:\"datatype\";s:0:\"\";s:7:\"nullmsg\";s:0:\"\";s:8:\"errormsg\";s:0:\"\";}}i:7;a:7:{s:5:\"title\";s:15:\"新窗口打开\";s:4:\"name\";s:6:\"target\";s:4:\"type\";s:5:\"radio\";s:6:\"option\";s:0:\"\";s:7:\"default\";s:0:\"\";s:11:\"search_type\";s:4:\"text\";s:8:\"validate\";a:3:{s:8:\"datatype\";s:0:\"\";s:7:\"nullmsg\";s:0:\"\";s:8:\"errormsg\";s:0:\"\";}}i:8;a:8:{s:5:\"title\";s:6:\"排序\";s:4:\"name\";s:4:\"sort\";s:4:\"type\";s:6:\"number\";s:6:\"option\";s:0:\"\";s:7:\"default\";s:1:\"0\";s:11:\"search_type\";s:4:\"text\";s:7:\"require\";s:1:\"1\";s:8:\"validate\";a:3:{s:8:\"datatype\";s:1:\"*\";s:7:\"nullmsg\";s:0:\"\";s:8:\"errormsg\";s:0:\"\";}}i:9;a:7:{s:5:\"title\";s:6:\"标题\";s:4:\"name\";s:5:\"title\";s:4:\"type\";s:4:\"text\";s:6:\"option\";s:0:\"\";s:7:\"default\";s:0:\"\";s:11:\"search_type\";s:4:\"text\";s:8:\"validate\";a:3:{s:8:\"datatype\";s:0:\"\";s:7:\"nullmsg\";s:0:\"\";s:8:\"errormsg\";s:0:\"\";}}i:10;a:7:{s:5:\"title\";s:6:\"备注\";s:4:\"name\";s:6:\"remark\";s:4:\"type\";s:4:\"text\";s:6:\"option\";s:0:\"\";s:7:\"default\";s:0:\"\";s:11:\"search_type\";s:4:\"text\";s:8:\"validate\";a:3:{s:8:\"datatype\";s:0:\"\";s:7:\"nullmsg\";s:0:\"\";s:8:\"errormsg\";s:0:\"\";}}i:11;a:8:{s:5:\"title\";s:6:\"状态\";s:4:\"name\";s:6:\"status\";s:4:\"type\";s:5:\"radio\";s:6:\"option\";s:0:\"\";s:7:\"default\";s:0:\"\";s:6:\"search\";s:1:\"1\";s:11:\"search_type\";s:6:\"select\";s:8:\"validate\";a:3:{s:8:\"datatype\";s:0:\"\";s:7:\"nullmsg\";s:0:\"\";s:8:\"errormsg\";s:0:\"\";}}}s:4:\"menu\";a:6:{i:0;s:3:\"add\";i:1;s:6:\"forbid\";i:2;s:6:\"resume\";i:3;s:6:\"delete\";i:4;s:10:\"recycleBin\";i:5;s:9:\"saveOrder\";}s:5:\"model\";s:1:\"1\";s:14:\"auto_timestamp\";s:1:\"1\";s:8:\"validate\";s:1:\"1\";}',1501215067),(189,1,'0.0.0.0','保留地址 保留地址  ','Windows 7','Chrome(59.0.3071.115)','http://localhost/jdtm/public/admin/adv/index.html','admin','Adv','index','GET','a:0:{}',1501215070),(190,1,'0.0.0.0','保留地址 保留地址  ','Windows 7','Chrome(59.0.3071.115)','http://localhost/jdtm/public/admin/adv/index.html','admin','Adv','index','GET','a:0:{}',1501215079),(191,1,'0.0.0.0','保留地址 保留地址  ','Windows 7','Chrome(59.0.3071.115)','http://localhost/jdtm/public/admin/adv/add.html','admin','Adv','add','GET','a:0:{}',1501215090),(192,1,'0.0.0.0','保留地址 保留地址  ','Windows 7','Chrome(59.0.3071.115)','http://localhost/jdtm/public/admin','admin','Index','index','GET','a:0:{}',1501215231),(193,1,'0.0.0.0','保留地址 保留地址  ','Windows 7','Chrome(59.0.3071.115)','http://localhost/jdtm/public/admin/index/welcome.html','admin','Index','welcome','GET','a:0:{}',1501215232),(194,1,'0.0.0.0','保留地址 保留地址  ','Windows 7','Chrome(59.0.3071.115)','http://localhost/jdtm/public/admin/adv/index.html','admin','Adv','index','GET','a:0:{}',1501215234),(195,1,'0.0.0.0','保留地址 保留地址  ','Windows 7','Chrome(59.0.3071.115)','http://localhost/jdtm/public/admin/adv/forbid.html','admin','Adv','forbid','POST','a:1:{s:2:\"id\";s:2:\"12\";}',1501215263),(196,1,'0.0.0.0','保留地址 保留地址  ','Windows 7','Chrome(59.0.3071.115)','http://localhost/jdtm/public/admin/adv/index.html','admin','Adv','index','GET','a:0:{}',1501215263),(197,1,'0.0.0.0','保留地址 保留地址  ','Windows 7','Chrome(59.0.3071.115)','http://localhost/jdtm/public/admin/adv/resume/id/12.html','admin','Adv','resume','POST','a:1:{s:2:\"id\";s:2:\"12\";}',1501215268),(198,1,'0.0.0.0','保留地址 保留地址  ','Windows 7','Chrome(59.0.3071.115)','http://localhost/jdtm/public/admin/adv/index.html','admin','Adv','index','GET','a:0:{}',1501216854),(199,1,'0.0.0.0','保留地址 保留地址  ','Windows 7','Chrome(59.0.3071.115)','http://localhost/jdtm/public/admin/adv/index.html','admin','Adv','index','GET','a:0:{}',1501216873),(200,1,'0.0.0.0','保留地址 保留地址  ','Windows 7','Chrome(59.0.3071.115)','http://localhost/jdtm/public/admin/adv/index.html','admin','Adv','index','GET','a:0:{}',1501216912),(201,1,'0.0.0.0','保留地址 保留地址  ','Windows 7','Chrome(59.0.3071.115)','http://localhost/jdtm/public/admin/adv/index.html','admin','Adv','index','GET','a:0:{}',1501216968),(202,1,'0.0.0.0','保留地址 保留地址  ','Windows 7','Chrome(59.0.3071.115)','http://localhost/jdtm/public/admin/adv/index.html','admin','Adv','index','GET','a:0:{}',1501217075),(203,1,'0.0.0.0','保留地址 保留地址  ','Windows 7','Chrome(59.0.3071.115)','http://localhost/jdtm/public/admin/adv/index.html?position_id=&status=1','admin','Adv','index','GET','a:2:{s:11:\"position_id\";s:0:\"\";s:6:\"status\";s:1:\"1\";}',1501217080),(204,1,'0.0.0.0','保留地址 保留地址  ','Windows 7','Chrome(59.0.3071.115)','http://localhost/jdtm/public/admin/adv/index.html?position_id=&status=0','admin','Adv','index','GET','a:2:{s:11:\"position_id\";s:0:\"\";s:6:\"status\";s:1:\"0\";}',1501217084),(205,1,'0.0.0.0','保留地址 保留地址  ','Windows 7','Chrome(59.0.3071.115)','http://localhost/jdtm/public/admin/adv/index.html?position_id=&status=+','admin','Adv','index','GET','a:2:{s:11:\"position_id\";s:0:\"\";s:6:\"status\";s:1:\" \";}',1501217087),(206,1,'0.0.0.0','保留地址 保留地址  ','Windows 7','Chrome(59.0.3071.115)','http://localhost/jdtm/public/admin/adv/index.html?position_id=&status=+','admin','Adv','index','GET','a:2:{s:11:\"position_id\";s:0:\"\";s:6:\"status\";s:1:\" \";}',1501217091),(207,1,'0.0.0.0','保留地址 保留地址  ','Windows 7','Chrome(59.0.3071.115)','http://localhost/jdtm/public/admin/adv/index.html?position_id=&status=1','admin','Adv','index','GET','a:2:{s:11:\"position_id\";s:0:\"\";s:6:\"status\";s:1:\"1\";}',1501217093),(208,1,'0.0.0.0','保留地址 保留地址  ','Windows 7','Chrome(59.0.3071.115)','http://localhost/jdtm/public/admin/adv/index.html?position_id=&status=1','admin','Adv','index','GET','a:2:{s:11:\"position_id\";s:0:\"\";s:6:\"status\";s:1:\"1\";}',1501217096),(209,1,'0.0.0.0','保留地址 保留地址  ','Windows 7','Chrome(59.0.3071.115)','http://localhost/jdtm/public/admin/adv/index.html?position_id=&status=+','admin','Adv','index','GET','a:2:{s:11:\"position_id\";s:0:\"\";s:6:\"status\";s:1:\" \";}',1501217099),(210,1,'0.0.0.0','保留地址 保留地址  ','Windows 7','Chrome(59.0.3071.115)','http://localhost/jdtm/public/admin/adv/index.html','admin','Adv','index','GET','a:0:{}',1501217112),(211,1,'0.0.0.0','保留地址 保留地址  ','Windows 7','Chrome(59.0.3071.115)','http://localhost/jdtm/public/admin/adv/index.html','admin','Adv','index','GET','a:0:{}',1501217113),(212,1,'0.0.0.0','保留地址 保留地址  ','Windows 7','Chrome(59.0.3071.115)','http://localhost/jdtm/public/admin/adv/index.html','admin','Adv','index','GET','a:0:{}',1501217164),(213,1,'0.0.0.0','保留地址 保留地址  ','Windows 7','Chrome(59.0.3071.115)','http://localhost/jdtm/public/admin/adv/index.html','admin','Adv','index','GET','a:0:{}',1501217165),(214,1,'0.0.0.0','保留地址 保留地址  ','Windows 7','Chrome(59.0.3071.115)','http://localhost/jdtm/public/admin/adv/index.html?position_id=&status=2','admin','Adv','index','GET','a:2:{s:11:\"position_id\";s:0:\"\";s:6:\"status\";s:1:\"2\";}',1501217166),(215,1,'0.0.0.0','保留地址 保留地址  ','Windows 7','Chrome(59.0.3071.115)','http://localhost/jdtm/public/admin/adv/index.html?position_id=&status=1','admin','Adv','index','GET','a:2:{s:11:\"position_id\";s:0:\"\";s:6:\"status\";s:1:\"1\";}',1501217169),(216,1,'0.0.0.0','保留地址 保留地址  ','Windows 7','Chrome(59.0.3071.115)','http://localhost/jdtm/public/admin/adv/index.html?position_id=&status=0','admin','Adv','index','GET','a:2:{s:11:\"position_id\";s:0:\"\";s:6:\"status\";s:1:\"0\";}',1501217172),(217,1,'0.0.0.0','保留地址 保留地址  ','Windows 7','Chrome(59.0.3071.115)','http://localhost/jdtm/public/admin/adv/index.html?position_id=&status=2','admin','Adv','index','GET','a:2:{s:11:\"position_id\";s:0:\"\";s:6:\"status\";s:1:\"2\";}',1501217173),(218,1,'0.0.0.0','保留地址 保留地址  ','Windows 7','Chrome(59.0.3071.115)','http://localhost/jdtm/public/admin/adv/index.html','admin','Adv','index','GET','a:0:{}',1501217175),(219,1,'0.0.0.0','保留地址 保留地址  ','Windows 7','Chrome(59.0.3071.115)','http://localhost/jdtm/public/admin/adv/index.html','admin','Adv','index','GET','a:0:{}',1501217268),(220,1,'0.0.0.0','保留地址 保留地址  ','Windows 7','Chrome(59.0.3071.115)','http://localhost/jdtm/public/admin/adv/edit/id/12.html','admin','Adv','edit','GET','a:1:{s:2:\"id\";s:2:\"12\";}',1501217276),(221,1,'0.0.0.0','保留地址 保留地址  ','Windows 7','Chrome(59.0.3071.115)','http://localhost/jdtm/public/admin/adv/index.html','admin','Adv','index','GET','a:0:{}',1501217387),(222,1,'0.0.0.0','保留地址 保留地址  ','Windows 7','Chrome(59.0.3071.115)','http://localhost/jdtm/public/admin/adv/edit/id/12.html','admin','Adv','edit','GET','a:1:{s:2:\"id\";s:2:\"12\";}',1501217389),(223,1,'0.0.0.0','保留地址 保留地址  ','Windows 7','Chrome(59.0.3071.115)','http://localhost/jdtm/public/admin/adv/index.html','admin','Adv','index','GET','a:0:{}',1501217433),(224,1,'0.0.0.0','保留地址 保留地址  ','Windows 7','Chrome(59.0.3071.115)','http://localhost/jdtm/public/admin/adv/edit/id/12.html','admin','Adv','edit','GET','a:1:{s:2:\"id\";s:2:\"12\";}',1501217435),(225,1,'0.0.0.0','保留地址 保留地址  ','Windows 7','Chrome(59.0.3071.115)','http://localhost/jdtm/public/admin/adv/index.html','admin','Adv','index','GET','a:0:{}',1501217518),(226,1,'0.0.0.0','保留地址 保留地址  ','Windows 7','Chrome(59.0.3071.115)','http://localhost/jdtm/public/admin/adv/edit/id/12.html','admin','Adv','edit','GET','a:1:{s:2:\"id\";s:2:\"12\";}',1501217520),(227,1,'0.0.0.0','保留地址 保留地址  ','Windows 7','Chrome(59.0.3071.115)','http://localhost/jdtm/public/admin/adv/index.html','admin','Adv','index','GET','a:0:{}',1501217533),(228,1,'0.0.0.0','保留地址 保留地址  ','Windows 7','Chrome(59.0.3071.115)','http://localhost/jdtm/public/admin/adv/edit/id/12.html','admin','Adv','edit','GET','a:1:{s:2:\"id\";s:2:\"12\";}',1501217536),(229,1,'0.0.0.0','保留地址 保留地址  ','Windows 7','Chrome(59.0.3071.115)','http://localhost/jdtm/public/admin/adv/index.html','admin','Adv','index','GET','a:0:{}',1501217600),(230,1,'0.0.0.0','保留地址 保留地址  ','Windows 7','Chrome(59.0.3071.115)','http://localhost/jdtm/public/admin/adv/add.html','admin','Adv','add','GET','a:0:{}',1501217602),(231,1,'0.0.0.0','保留地址 保留地址  ','Windows 7','Chrome(59.0.3071.115)','http://localhost/jdtm/public/admin/adv/edit/id/12.html','admin','Adv','edit','GET','a:1:{s:2:\"id\";s:2:\"12\";}',1501217611),(232,1,'0.0.0.0','保留地址 保留地址  ','Windows 7','Chrome(59.0.3071.115)','http://localhost/jdtm/public/admin/adv/edit/id/12.html','admin','Adv','edit','GET','a:1:{s:2:\"id\";s:2:\"12\";}',1501217726),(233,1,'0.0.0.0','保留地址 保留地址  ','Windows 7','Chrome(59.0.3071.115)','http://localhost/jdtm/public/admin/adv/edit/id/12.html','admin','Adv','edit','GET','a:1:{s:2:\"id\";s:2:\"12\";}',1501217734),(234,1,'0.0.0.0','保留地址 保留地址  ','Windows 7','Chrome(59.0.3071.115)','http://localhost/jdtm/public/admin/generate/index.html','admin','Generate','index','GET','a:0:{}',1501217858),(235,1,'0.0.0.0','保留地址 保留地址  ','Windows 7','Chrome(59.0.3071.115)','http://localhost/jdtm/public/admin/generate/index.html?table=tp_adv_position','admin','Generate','index','GET','a:1:{s:5:\"table\";s:15:\"tp_adv_position\";}',1501217862),(236,1,'0.0.0.0','保留地址 保留地址  ','Windows 7','Chrome(59.0.3071.115)','http://localhost/jdtm/public/admin/generate/run.html','admin','Generate','run','POST','a:8:{s:4:\"file\";s:3:\"all\";s:6:\"module\";s:5:\"admin\";s:10:\"controller\";s:11:\"AdvPosition\";s:5:\"title\";s:9:\"广告位\";s:4:\"form\";a:3:{i:2;a:9:{s:5:\"title\";s:6:\"名称\";s:4:\"name\";s:4:\"name\";s:4:\"type\";s:4:\"text\";s:6:\"option\";s:0:\"\";s:7:\"default\";s:0:\"\";s:6:\"search\";s:1:\"1\";s:11:\"search_type\";s:4:\"text\";s:7:\"require\";s:1:\"1\";s:8:\"validate\";a:3:{s:8:\"datatype\";s:1:\"*\";s:7:\"nullmsg\";s:24:\"请填写广告位名称\";s:8:\"errormsg\";s:0:\"\";}}i:3;a:8:{s:5:\"title\";s:6:\"代码\";s:4:\"name\";s:4:\"code\";s:4:\"type\";s:8:\"textarea\";s:6:\"option\";s:0:\"\";s:7:\"default\";s:0:\"\";s:11:\"search_type\";s:4:\"text\";s:7:\"require\";s:1:\"1\";s:8:\"validate\";a:3:{s:8:\"datatype\";s:1:\"*\";s:7:\"nullmsg\";s:24:\"请填写广告位代码\";s:8:\"errormsg\";s:0:\"\";}}i:4;a:8:{s:5:\"title\";s:6:\"状态\";s:4:\"name\";s:6:\"status\";s:4:\"type\";s:5:\"radio\";s:6:\"option\";s:0:\"\";s:7:\"default\";s:0:\"\";s:6:\"search\";s:1:\"1\";s:11:\"search_type\";s:6:\"select\";s:8:\"validate\";a:3:{s:8:\"datatype\";s:0:\"\";s:7:\"nullmsg\";s:0:\"\";s:8:\"errormsg\";s:0:\"\";}}}s:4:\"menu\";a:5:{i:0;s:3:\"add\";i:1;s:6:\"forbid\";i:2;s:6:\"resume\";i:3;s:6:\"delete\";i:4;s:10:\"recycleBin\";}s:5:\"model\";s:1:\"1\";s:8:\"validate\";s:1:\"1\";}',1501218132),(237,1,'0.0.0.0','保留地址 保留地址  ','Windows 7','Chrome(59.0.3071.115)','http://localhost/jdtm/public/admin/adv_position/index.html','admin','AdvPosition','index','GET','a:0:{}',1501218135),(238,1,'0.0.0.0','保留地址 保留地址  ','Windows 7','Chrome(59.0.3071.115)','http://localhost/jdtm/public/admin/adv_position/index.html','admin','AdvPosition','index','GET','a:0:{}',1501218151),(239,1,'0.0.0.0','保留地址 保留地址  ','Windows 7','Chrome(59.0.3071.115)','http://localhost/jdtm/public/admin/adv_position/index.html','admin','AdvPosition','index','GET','a:0:{}',1501218185),(240,1,'0.0.0.0','保留地址 保留地址  ','Windows 7','Chrome(59.0.3071.115)','http://localhost/jdtm/public/admin/adv_position/index.html','admin','AdvPosition','index','GET','a:0:{}',1501218197),(241,1,'0.0.0.0','保留地址 保留地址  ','Windows 7','Chrome(59.0.3071.115)','http://localhost/jdtm/public/admin/adv_position/edit/id/2.html','admin','AdvPosition','edit','GET','a:1:{s:2:\"id\";s:1:\"2\";}',1501218199),(242,1,'0.0.0.0','保留地址 保留地址  ','Windows 7','Chrome(59.0.3071.115)','http://localhost/jdtm/public/admin/adv_position/add.html','admin','AdvPosition','add','GET','a:0:{}',1501218242),(243,1,'0.0.0.0','保留地址 保留地址  ','Windows 7','Chrome(59.0.3071.115)','http://localhost/jdtm/public/admin/adv_position/edit/id/2.html','admin','AdvPosition','edit','GET','a:1:{s:2:\"id\";s:1:\"2\";}',1501218252),(244,1,'0.0.0.0','保留地址 保留地址  ','Windows 7','Chrome(59.0.3071.115)','http://localhost/jdtm/public/admin/adv_position/index.html','admin','AdvPosition','index','GET','a:0:{}',1501218335),(245,1,'0.0.0.0','保留地址 保留地址  ','Windows 7','Chrome(59.0.3071.115)','http://localhost/jdtm/public/admin/adv_position/add.html','admin','AdvPosition','add','GET','a:0:{}',1501218336),(246,1,'0.0.0.0','保留地址 保留地址  ','Windows 7','Chrome(59.0.3071.115)','http://localhost/jdtm/public/admin/adv_position/add.html','admin','AdvPosition','add','GET','a:0:{}',1501218342),(247,1,'0.0.0.0','保留地址 保留地址  ','Windows 7','Chrome(59.0.3071.115)','http://localhost/jdtm/public/admin/adv_position/edit/id/1.html','admin','AdvPosition','edit','GET','a:1:{s:2:\"id\";s:1:\"1\";}',1501218351),(248,1,'0.0.0.0','保留地址 保留地址  ','Windows 7','Chrome(59.0.3071.115)','http://localhost/jdtm/public/admin/adv_position/add.html','admin','AdvPosition','add','GET','a:0:{}',1501218478),(249,1,'0.0.0.0','保留地址 保留地址  ','Windows 7','Chrome(59.0.3071.115)','http://localhost/jdtm/public/admin/adv_position/edit/id/1.html','admin','AdvPosition','edit','GET','a:1:{s:2:\"id\";s:1:\"1\";}',1501218481),(250,1,'0.0.0.0','保留地址 保留地址  ','Windows 7','Chrome(59.0.3071.115)','http://localhost/jdtm/public/admin/adv_position/forbid/id/1.html','admin','AdvPosition','forbid','POST','a:1:{s:2:\"id\";s:1:\"1\";}',1501218485),(251,1,'0.0.0.0','保留地址 保留地址  ','Windows 7','Chrome(59.0.3071.115)','http://localhost/jdtm/public/admin/adv_position/edit/id/1.html','admin','AdvPosition','edit','GET','a:1:{s:2:\"id\";s:1:\"1\";}',1501218487),(252,1,'0.0.0.0','保留地址 保留地址  ','Windows 7','Chrome(59.0.3071.115)','http://localhost/jdtm/public/admin/adv_position/resume/id/1.html','admin','AdvPosition','resume','POST','a:1:{s:2:\"id\";s:1:\"1\";}',1501218491),(253,1,'0.0.0.0','保留地址 保留地址  ','Windows 7','Chrome(59.0.3071.115)','http://localhost/jdtm/public/admin/adv_position/edit/id/1.html','admin','AdvPosition','edit','GET','a:1:{s:2:\"id\";s:1:\"1\";}',1501218492),(254,1,'0.0.0.0','保留地址 保留地址  ','Windows 7','Chrome(59.0.3071.115)','http://localhost/jdtm/public/admin/adv_position/index.html','admin','AdvPosition','index','GET','a:0:{}',1501218523),(255,1,'0.0.0.0','保留地址 保留地址  ','Windows 7','Chrome(59.0.3071.115)','http://localhost/jdtm/public/admin/adv/index.html','admin','Adv','index','GET','a:0:{}',1501218585),(256,1,'0.0.0.0','保留地址 保留地址  ','Windows 7','Chrome(59.0.3071.115)','http://localhost/jdtm/public/admin/adv/index.html','admin','Adv','index','GET','a:0:{}',1501218588),(257,1,'0.0.0.0','保留地址 保留地址  ','Windows 7','Chrome(59.0.3071.115)','http://localhost/jdtm/public/admin/generate/index.html','admin','Generate','index','GET','a:0:{}',1501218600),(258,1,'0.0.0.0','保留地址 保留地址  ','Windows 7','Chrome(59.0.3071.115)','http://localhost/jdtm/public/admin/generate/index.html','admin','Generate','index','GET','a:0:{}',1501218674),(259,1,'0.0.0.0','保留地址 保留地址  ','Windows 7','Chrome(59.0.3071.115)','http://localhost/jdtm/public/admin/generate/run.html','admin','Generate','run','POST','a:13:{s:4:\"file\";s:3:\"all\";s:6:\"module\";s:5:\"admin\";s:10:\"controller\";s:11:\"AdvPosition\";s:5:\"title\";s:9:\"广告位\";s:4:\"form\";a:3:{i:0;a:9:{s:5:\"title\";s:6:\"名称\";s:4:\"name\";s:4:\"name\";s:4:\"type\";s:4:\"text\";s:6:\"option\";s:0:\"\";s:7:\"default\";s:0:\"\";s:6:\"search\";s:1:\"1\";s:11:\"search_type\";s:4:\"text\";s:7:\"require\";s:1:\"1\";s:8:\"validate\";a:3:{s:8:\"datatype\";s:1:\"*\";s:7:\"nullmsg\";s:24:\"请填写广告位名称\";s:8:\"errormsg\";s:0:\"\";}}i:2;a:8:{s:5:\"title\";s:6:\"代码\";s:4:\"name\";s:4:\"code\";s:4:\"type\";s:8:\"textarea\";s:6:\"option\";s:0:\"\";s:7:\"default\";s:0:\"\";s:11:\"search_type\";s:4:\"text\";s:7:\"require\";s:1:\"1\";s:8:\"validate\";a:3:{s:8:\"datatype\";s:1:\"*\";s:7:\"nullmsg\";s:24:\"请填写广告位代码\";s:8:\"errormsg\";s:0:\"\";}}i:3;a:9:{s:5:\"title\";s:6:\"状态\";s:4:\"name\";s:6:\"status\";s:4:\"type\";s:5:\"radio\";s:6:\"option\";s:0:\"\";s:7:\"default\";s:1:\"1\";s:6:\"search\";s:1:\"1\";s:11:\"search_type\";s:6:\"select\";s:7:\"require\";s:1:\"1\";s:8:\"validate\";a:3:{s:8:\"datatype\";s:1:\"*\";s:7:\"nullmsg\";s:0:\"\";s:8:\"errormsg\";s:0:\"\";}}}s:12:\"create_table\";s:1:\"1\";s:12:\"table_engine\";s:6:\"InnoDB\";s:10:\"table_name\";s:0:\"\";s:5:\"field\";a:7:{i:4;a:7:{s:4:\"name\";s:2:\"id\";s:4:\"type\";s:11:\"smallint(6)\";s:7:\"default\";s:4:\"NULL\";s:8:\"not_null\";s:1:\"1\";s:3:\"key\";s:1:\"1\";s:7:\"comment\";s:0:\"\";s:5:\"extra\";s:0:\"\";}i:1;a:6:{s:4:\"name\";s:4:\"name\";s:4:\"type\";s:12:\"varchar(255)\";s:7:\"default\";s:4:\"NULL\";s:8:\"not_null\";s:1:\"1\";s:7:\"comment\";s:6:\"名称\";s:5:\"extra\";s:0:\"\";}i:2;a:6:{s:4:\"name\";s:4:\"code\";s:4:\"type\";s:12:\"varchar(255)\";s:7:\"default\";s:4:\"NULL\";s:8:\"not_null\";s:1:\"1\";s:7:\"comment\";s:6:\"代码\";s:5:\"extra\";s:0:\"\";}i:3;a:6:{s:4:\"name\";s:6:\"status\";s:4:\"type\";s:10:\"tinyint(1)\";s:7:\"default\";s:1:\"0\";s:8:\"not_null\";s:1:\"1\";s:7:\"comment\";s:6:\"状态\";s:5:\"extra\";s:0:\"\";}i:5;a:6:{s:4:\"name\";s:11:\"create_time\";s:4:\"type\";s:7:\"int(11)\";s:7:\"default\";s:4:\"NULL\";s:8:\"not_null\";s:1:\"1\";s:7:\"comment\";s:12:\"创建时间\";s:5:\"extra\";s:0:\"\";}i:6;a:6:{s:4:\"name\";s:10:\"update_tim\";s:4:\"type\";s:7:\"int(11)\";s:7:\"default\";s:4:\"NULL\";s:8:\"not_null\";s:1:\"1\";s:7:\"comment\";s:12:\"更新时间\";s:5:\"extra\";s:0:\"\";}i:7;a:6:{s:4:\"name\";s:8:\"isdelete\";s:4:\"type\";s:10:\"tinyint(1)\";s:7:\"default\";s:1:\"0\";s:8:\"not_null\";s:1:\"1\";s:7:\"comment\";s:20:\"软删除(回收站)\";s:5:\"extra\";s:0:\"\";}}s:4:\"menu\";a:5:{i:0;s:3:\"add\";i:1;s:6:\"forbid\";i:2;s:6:\"resume\";i:3;s:6:\"delete\";i:4;s:10:\"recycleBin\";}s:5:\"model\";s:1:\"1\";s:14:\"auto_timestamp\";s:1:\"1\";s:8:\"validate\";s:1:\"1\";}',1501219349),(260,1,'0.0.0.0','保留地址 保留地址  ','Windows 7','Chrome(59.0.3071.115)','http://localhost/jdtm/public/admin/adv_position/index.html','admin','AdvPosition','index','GET','a:0:{}',1501219352),(261,1,'0.0.0.0','保留地址 保留地址  ','Windows 7','Chrome(59.0.3071.115)','http://localhost/jdtm/public/admin/generate/index.html','admin','Generate','index','GET','a:0:{}',1501219390),(262,1,'0.0.0.0','保留地址 保留地址  ','Windows 7','Chrome(59.0.3071.115)','http://localhost/jdtm/public/admin/generate/run.html','admin','Generate','run','POST','a:14:{s:4:\"file\";s:3:\"all\";s:6:\"module\";s:5:\"admin\";s:10:\"controller\";s:3:\"Adv\";s:5:\"title\";s:12:\"广告管理\";s:4:\"form\";a:10:{i:0;a:9:{s:5:\"title\";s:12:\"广告标题\";s:4:\"name\";s:5:\"title\";s:4:\"type\";s:4:\"text\";s:6:\"option\";s:0:\"\";s:7:\"default\";s:0:\"\";s:6:\"search\";s:1:\"1\";s:11:\"search_type\";s:4:\"text\";s:7:\"require\";s:1:\"1\";s:8:\"validate\";a:3:{s:8:\"datatype\";s:1:\"*\";s:7:\"nullmsg\";s:27:\"请填写广告标题名称\";s:8:\"errormsg\";s:0:\"\";}}i:1;a:9:{s:5:\"title\";s:12:\"广告展位\";s:4:\"name\";s:11:\"position_id\";s:4:\"type\";s:6:\"select\";s:6:\"option\";s:0:\"\";s:7:\"default\";s:0:\"\";s:6:\"search\";s:1:\"1\";s:11:\"search_type\";s:6:\"select\";s:7:\"require\";s:1:\"1\";s:8:\"validate\";a:3:{s:8:\"datatype\";s:1:\"*\";s:7:\"nullmsg\";s:21:\"请选择广告展位\";s:8:\"errormsg\";s:0:\"\";}}i:2;a:8:{s:5:\"title\";s:12:\"广告图片\";s:4:\"name\";s:3:\"pic\";s:4:\"type\";s:4:\"text\";s:6:\"option\";s:0:\"\";s:7:\"default\";s:0:\"\";s:11:\"search_type\";s:4:\"text\";s:7:\"require\";s:1:\"1\";s:8:\"validate\";a:3:{s:8:\"datatype\";s:1:\"*\";s:7:\"nullmsg\";s:27:\"请填写广告图片地址\";s:8:\"errormsg\";s:0:\"\";}}i:3;a:7:{s:5:\"title\";s:12:\"广告链接\";s:4:\"name\";s:4:\"link\";s:4:\"type\";s:4:\"text\";s:6:\"option\";s:0:\"\";s:7:\"default\";s:0:\"\";s:11:\"search_type\";s:4:\"text\";s:8:\"validate\";a:3:{s:8:\"datatype\";s:0:\"\";s:7:\"nullmsg\";s:0:\"\";s:8:\"errormsg\";s:0:\"\";}}i:4;a:7:{s:5:\"title\";s:12:\"打开方式\";s:4:\"name\";s:6:\"target\";s:4:\"type\";s:5:\"radio\";s:6:\"option\";s:0:\"\";s:7:\"default\";s:1:\"1\";s:11:\"search_type\";s:4:\"text\";s:8:\"validate\";a:3:{s:8:\"datatype\";s:0:\"\";s:7:\"nullmsg\";s:0:\"\";s:8:\"errormsg\";s:0:\"\";}}i:5;a:8:{s:5:\"title\";s:12:\"广告排序\";s:4:\"name\";s:4:\"sort\";s:4:\"type\";s:6:\"number\";s:6:\"option\";s:0:\"\";s:7:\"default\";s:0:\"\";s:11:\"search_type\";s:4:\"text\";s:7:\"require\";s:1:\"1\";s:8:\"validate\";a:3:{s:8:\"datatype\";s:1:\"*\";s:7:\"nullmsg\";s:21:\"请填写广告排序\";s:8:\"errormsg\";s:0:\"\";}}i:6;a:7:{s:5:\"title\";s:12:\"备注信息\";s:4:\"name\";s:6:\"remark\";s:4:\"type\";s:8:\"textarea\";s:6:\"option\";s:0:\"\";s:7:\"default\";s:0:\"\";s:11:\"search_type\";s:4:\"text\";s:8:\"validate\";a:3:{s:8:\"datatype\";s:0:\"\";s:7:\"nullmsg\";s:0:\"\";s:8:\"errormsg\";s:0:\"\";}}i:7;a:8:{s:5:\"title\";s:12:\"开始时间\";s:4:\"name\";s:10:\"start_time\";s:4:\"type\";s:4:\"date\";s:6:\"option\";s:0:\"\";s:7:\"default\";s:0:\"\";s:11:\"search_type\";s:4:\"text\";s:7:\"require\";s:1:\"1\";s:8:\"validate\";a:3:{s:8:\"datatype\";s:1:\"*\";s:7:\"nullmsg\";s:27:\"请选择广告开始时间\";s:8:\"errormsg\";s:0:\"\";}}i:8;a:8:{s:5:\"title\";s:12:\"结束时间\";s:4:\"name\";s:8:\"end_time\";s:4:\"type\";s:4:\"date\";s:6:\"option\";s:0:\"\";s:7:\"default\";s:0:\"\";s:11:\"search_type\";s:4:\"text\";s:7:\"require\";s:1:\"1\";s:8:\"validate\";a:3:{s:8:\"datatype\";s:1:\"*\";s:7:\"nullmsg\";s:27:\"请选择广告结束时间\";s:8:\"errormsg\";s:0:\"\";}}i:9;a:8:{s:5:\"title\";s:12:\"广告状态\";s:4:\"name\";s:6:\"status\";s:4:\"type\";s:4:\"text\";s:6:\"option\";s:0:\"\";s:7:\"default\";s:0:\"\";s:11:\"search_type\";s:4:\"text\";s:7:\"require\";s:1:\"1\";s:8:\"validate\";a:3:{s:8:\"datatype\";s:1:\"*\";s:7:\"nullmsg\";s:21:\"请选择广告状态\";s:8:\"errormsg\";s:0:\"\";}}}s:12:\"create_table\";s:1:\"1\";s:18:\"create_table_force\";s:1:\"1\";s:12:\"table_engine\";s:6:\"InnoDB\";s:10:\"table_name\";s:0:\"\";s:5:\"field\";a:13:{i:11;a:7:{s:4:\"name\";s:2:\"id\";s:4:\"type\";s:7:\"int(11)\";s:7:\"default\";s:4:\"NULL\";s:8:\"not_null\";s:1:\"1\";s:3:\"key\";s:1:\"1\";s:7:\"comment\";s:0:\"\";s:5:\"extra\";s:0:\"\";}i:1;a:6:{s:4:\"name\";s:5:\"title\";s:4:\"type\";s:8:\"char(32)\";s:7:\"default\";s:4:\"NULL\";s:8:\"not_null\";s:1:\"1\";s:7:\"comment\";s:12:\"广告标题\";s:5:\"extra\";s:0:\"\";}i:2;a:6:{s:4:\"name\";s:11:\"position_id\";s:4:\"type\";s:7:\"int(11)\";s:7:\"default\";s:4:\"NULL\";s:8:\"not_null\";s:1:\"1\";s:7:\"comment\";s:12:\"广告展位\";s:5:\"extra\";s:0:\"\";}i:3;a:6:{s:4:\"name\";s:3:\"pic\";s:4:\"type\";s:12:\"varchar(255)\";s:7:\"default\";s:4:\"NULL\";s:8:\"not_null\";s:1:\"1\";s:7:\"comment\";s:12:\"广告图片\";s:5:\"extra\";s:0:\"\";}i:4;a:5:{s:4:\"name\";s:4:\"link\";s:4:\"type\";s:12:\"varchar(255)\";s:7:\"default\";s:4:\"NULL\";s:7:\"comment\";s:12:\"广告链接\";s:5:\"extra\";s:0:\"\";}i:5;a:6:{s:4:\"name\";s:6:\"target\";s:4:\"type\";s:10:\"tinyint(1)\";s:7:\"default\";s:1:\"0\";s:8:\"not_null\";s:1:\"1\";s:7:\"comment\";s:12:\"打开方式\";s:5:\"extra\";s:0:\"\";}i:6;a:6:{s:4:\"name\";s:4:\"sort\";s:4:\"type\";s:10:\"tinyint(3)\";s:7:\"default\";s:4:\"NULL\";s:8:\"not_null\";s:1:\"1\";s:7:\"comment\";s:12:\"广告排序\";s:5:\"extra\";s:0:\"\";}i:7;a:5:{s:4:\"name\";s:6:\"remark\";s:4:\"type\";s:12:\"varchar(255)\";s:7:\"default\";s:4:\"NULL\";s:7:\"comment\";s:12:\"备注信息\";s:5:\"extra\";s:0:\"\";}i:8;a:6:{s:4:\"name\";s:10:\"start_time\";s:4:\"type\";s:7:\"int(10)\";s:7:\"default\";s:4:\"NULL\";s:8:\"not_null\";s:1:\"1\";s:7:\"comment\";s:12:\"开始时间\";s:5:\"extra\";s:0:\"\";}i:9;a:6:{s:4:\"name\";s:8:\"end_time\";s:4:\"type\";s:7:\"int(10)\";s:7:\"default\";s:4:\"NULL\";s:8:\"not_null\";s:1:\"1\";s:7:\"comment\";s:12:\"结束时间\";s:5:\"extra\";s:0:\"\";}i:10;a:6:{s:4:\"name\";s:6:\"status\";s:4:\"type\";s:10:\"tinyint(1)\";s:7:\"default\";s:4:\"NULL\";s:8:\"not_null\";s:1:\"1\";s:7:\"comment\";s:12:\"广告状态\";s:5:\"extra\";s:0:\"\";}i:12;a:6:{s:4:\"name\";s:11:\"create_time\";s:4:\"type\";s:7:\"int(10)\";s:7:\"default\";s:4:\"NULL\";s:8:\"not_null\";s:1:\"1\";s:7:\"comment\";s:12:\"创建时间\";s:5:\"extra\";s:0:\"\";}i:13;a:6:{s:4:\"name\";s:11:\"update_time\";s:4:\"type\";s:7:\"int(10)\";s:7:\"default\";s:4:\"NULL\";s:8:\"not_null\";s:1:\"1\";s:7:\"comment\";s:12:\"更新时间\";s:5:\"extra\";s:0:\"\";}}s:4:\"menu\";a:6:{i:0;s:3:\"add\";i:1;s:6:\"forbid\";i:2;s:6:\"resume\";i:3;s:6:\"delete\";i:4;s:10:\"recycleBin\";i:5;s:9:\"saveOrder\";}s:5:\"model\";s:1:\"1\";s:14:\"auto_timestamp\";s:1:\"1\";s:8:\"validate\";s:1:\"1\";}',1501220534),(263,1,'0.0.0.0','保留地址 保留地址  ','Windows 7','Chrome(59.0.3071.115)','http://localhost/jdtm/public/admin/adv/index.html','admin','Adv','index','GET','a:0:{}',1501220536),(264,1,'0.0.0.0','保留地址 保留地址  ','Windows 7','Chrome(59.0.3071.115)','http://localhost/jdtm/public/admin/adv/index.html','admin','Adv','index','GET','a:0:{}',1501220551),(265,1,'0.0.0.0','保留地址 保留地址  ','Windows 7','Chrome(59.0.3071.115)','http://localhost/jdtm/public/admin/adv_position/index.html','admin','AdvPosition','index','GET','a:0:{}',1501220552),(266,1,'0.0.0.0','保留地址 保留地址  ','Windows 7','Chrome(59.0.3071.115)','http://localhost/jdtm/public/admin/adv/index.html','admin','Adv','index','GET','a:0:{}',1501220553),(267,1,'0.0.0.0','保留地址 保留地址  ','Windows 7','Chrome(59.0.3071.115)','http://localhost/jdtm/public/admin','admin','Index','index','GET','a:0:{}',1501220755),(268,1,'0.0.0.0','保留地址 保留地址  ','Windows 7','Chrome(59.0.3071.115)','http://localhost/jdtm/public/admin/index/welcome.html','admin','Index','welcome','GET','a:0:{}',1501220756),(269,1,'0.0.0.0','保留地址 保留地址  ','Windows 7','Chrome(59.0.3071.115)','http://localhost/jdtm/public/admin/admin_user/index.html','admin','AdminUser','index','GET','a:0:{}',1501220761),(270,1,'0.0.0.0','保留地址 保留地址  ','Windows 7','Chrome(59.0.3071.115)','http://localhost/jdtm/public/admin/demo/imageupload.html','admin','Demo','imageupload','GET','a:0:{}',1501220767),(271,1,'0.0.0.0','保留地址 保留地址  ','Windows 7','Chrome(59.0.3071.115)','http://localhost/jdtm/public/admin/upload/index/id/upload.html','admin','Upload','index','GET','a:1:{s:2:\"id\";s:6:\"upload\";}',1501220769),(272,1,'0.0.0.0','保留地址 保留地址  ','Windows 7','Chrome(59.0.3071.115)','http://localhost/jdtm/public/admin/upload/listimage.html','admin','Upload','listimage','POST','a:2:{s:1:\"p\";s:1:\"1\";s:5:\"count\";s:1:\"1\";}',1501220776),(273,1,'0.0.0.0','保留地址 保留地址  ','Windows 7','Chrome(59.0.3071.115)','http://localhost/jdtm/public/admin/upload/listimage.html','admin','Upload','listimage','POST','a:2:{s:1:\"p\";s:1:\"1\";s:5:\"count\";s:1:\"1\";}',1501220780),(274,1,'0.0.0.0','保留地址 保留地址  ','Windows 7','Chrome(59.0.3071.115)','http://localhost/jdtm/public/admin/adv/index.html','admin','Adv','index','GET','a:0:{}',1501220791),(275,1,'0.0.0.0','保留地址 保留地址  ','Windows 7','Chrome(59.0.3071.115)','http://localhost/jdtm/public/admin/adv_position/index.html','admin','AdvPosition','index','GET','a:0:{}',1501220795),(276,1,'0.0.0.0','保留地址 保留地址  ','Windows 7','Chrome(59.0.3071.115)','http://localhost/jdtm/public/admin/adv_position/add.html','admin','AdvPosition','add','GET','a:0:{}',1501220796),(277,1,'0.0.0.0','保留地址 保留地址  ','Windows 7','Chrome(59.0.3071.115)','http://localhost/jdtm/public/admin/adv/index.html','admin','Adv','index','GET','a:0:{}',1501221033),(278,1,'0.0.0.0','保留地址 保留地址  ','Windows 7','Chrome(59.0.3071.115)','http://localhost/jdtm/public/admin/adv/add.html','admin','Adv','add','GET','a:0:{}',1501221034),(279,1,'0.0.0.0','保留地址 保留地址  ','Windows 7','Chrome(59.0.3071.115)','http://localhost/jdtm/public/admin/adv_position/index.html','admin','AdvPosition','index','GET','a:0:{}',1501221097),(280,1,'0.0.0.0','保留地址 保留地址  ','Windows 7','Chrome(59.0.3071.115)','http://localhost/jdtm/public/admin/adv_position/add.html','admin','AdvPosition','add','GET','a:0:{}',1501221099),(281,1,'0.0.0.0','保留地址 保留地址  ','Windows 7','Chrome(59.0.3071.115)','http://localhost/jdtm/public/admin/adv_position/add.html','admin','AdvPosition','add','GET','a:0:{}',1501221197),(282,1,'0.0.0.0','保留地址 保留地址  ','Windows 7','Chrome(59.0.3071.115)','http://localhost/jdtm/public/admin/adv_position/add.html','admin','AdvPosition','add','POST','a:4:{s:2:\"id\";s:0:\"\";s:4:\"name\";s:15:\"首页轮播图\";s:4:\"code\";s:200:\"&lt;ul class=&quot;item-img&quot; id=&quot;item-img&quot;&gt;\r\n                &lt;li class=&quot;li1&quot; style=&quot;position: absolute; left: 0; top: 0; z-index: 1; display: block;&quot;&gt;\r\n    \";s:6:\"status\";s:1:\"1\";}',1501221307),(283,1,'0.0.0.0','保留地址 保留地址  ','Windows 7','Chrome(59.0.3071.115)','http://localhost/jdtm/public/admin/adv_position/index.html','admin','AdvPosition','index','GET','a:0:{}',1501221307),(284,1,'0.0.0.0','保留地址 保留地址  ','Windows 7','Chrome(59.0.3071.115)','http://localhost/jdtm/public/admin/adv_position/edit/id/1.html','admin','AdvPosition','edit','GET','a:1:{s:2:\"id\";s:1:\"1\";}',1501221317),(285,1,'0.0.0.0','保留地址 保留地址  ','Windows 7','Chrome(59.0.3071.115)','http://localhost/jdtm/public/admin/adv_position/edit/id/1.html','admin','AdvPosition','edit','POST','a:4:{s:2:\"id\";s:1:\"1\";s:4:\"name\";s:15:\"首页轮播图\";s:4:\"code\";s:200:\"&lt;ul class=&quot;item-img&quot; id=&quot;item-img&quot;&gt;\r\n    &lt;li class=&quot;li1&quot; style=&quot;position: absolute; left: 0; top: 0; z-index: 1; display: block;&quot;&gt;\r\n        &lt;a ta\";s:6:\"status\";s:1:\"1\";}',1501221423),(286,1,'0.0.0.0','保留地址 保留地址  ','Windows 7','Chrome(59.0.3071.115)','http://localhost/jdtm/public/admin/adv_position/index.html','admin','AdvPosition','index','GET','a:0:{}',1501221423),(287,1,'0.0.0.0','保留地址 保留地址  ','Windows 7','Chrome(59.0.3071.115)','http://localhost/jdtm/public/admin/adv/index.html','admin','Adv','index','GET','a:0:{}',1501221431),(288,1,'0.0.0.0','保留地址 保留地址  ','Windows 7','Chrome(59.0.3071.115)','http://localhost/jdtm/public/admin/adv/add.html','admin','Adv','add','GET','a:0:{}',1501221432),(289,1,'0.0.0.0','保留地址 保留地址  ','Windows 7','Chrome(59.0.3071.115)','http://localhost/jdtm/public/admin/adv_position/index.html','admin','AdvPosition','index','GET','a:0:{}',1501221476),(290,1,'0.0.0.0','保留地址 保留地址  ','Windows 7','Chrome(59.0.3071.115)','http://localhost/jdtm/public/admin/adv/index.html','admin','Adv','index','GET','a:0:{}',1501221557),(291,1,'0.0.0.0','保留地址 保留地址  ','Windows 7','Chrome(59.0.3071.115)','http://localhost/jdtm/public/admin/adv/add.html','admin','Adv','add','GET','a:0:{}',1501221557),(292,1,'0.0.0.0','保留地址 保留地址  ','Windows 7','Chrome(59.0.3071.115)','http://localhost/jdtm/public/admin/adv_position/index.html','admin','AdvPosition','index','GET','a:0:{}',1501221877),(293,1,'0.0.0.0','保留地址 保留地址  ','Windows 7','Chrome(59.0.3071.115)','http://localhost/jdtm/public/admin/adv/index.html','admin','Adv','index','GET','a:0:{}',1501221877),(294,1,'0.0.0.0','保留地址 保留地址  ','Windows 7','Chrome(59.0.3071.115)','http://localhost/jdtm/public/admin/adv_position/index.html','admin','AdvPosition','index','GET','a:0:{}',1501221878),(295,1,'0.0.0.0','保留地址 保留地址  ','Windows 7','Chrome(59.0.3071.115)','http://localhost/jdtm/public/admin/adv_position/edit/id/1.html','admin','AdvPosition','edit','GET','a:1:{s:2:\"id\";s:1:\"1\";}',1501221880),(296,1,'0.0.0.0','保留地址 保留地址  ','Windows 7','Chrome(59.0.3071.115)','http://localhost/jdtm/public/admin/adv_position/add.html','admin','AdvPosition','add','GET','a:0:{}',1501221884),(297,1,'0.0.0.0','保留地址 保留地址  ','Windows 7','Chrome(59.0.3071.115)','http://localhost/jdtm/public/admin/adv_position/forbid/id/1.html','admin','AdvPosition','forbid','POST','a:1:{s:2:\"id\";s:1:\"1\";}',1501221888),(298,1,'0.0.0.0','保留地址 保留地址  ','Windows 7','Chrome(59.0.3071.115)','http://localhost/jdtm/public/admin/adv_position/edit/id/1.html','admin','AdvPosition','edit','GET','a:1:{s:2:\"id\";s:1:\"1\";}',1501221889),(299,1,'0.0.0.0','保留地址 保留地址  ','Windows 7','Chrome(59.0.3071.115)','http://localhost/jdtm/public/admin/adv_position/edit/id/1.html','admin','AdvPosition','edit','POST','a:4:{s:2:\"id\";s:1:\"1\";s:4:\"name\";s:15:\"首页轮播图\";s:4:\"code\";s:200:\"&lt;ul class=&quot;item-img&quot; id=&quot;item-img&quot;&gt;\r\n    &lt;li class=&quot;li1&quot; style=&quot;position: absolute; left: 0; top: 0; z-index: 1; display: block;&quot;&gt;\r\n        &lt;a ta\";s:6:\"status\";s:1:\"1\";}',1501221893),(300,1,'0.0.0.0','保留地址 保留地址  ','Windows 7','Chrome(59.0.3071.115)','http://localhost/jdtm/public/admin/adv_position/index.html','admin','AdvPosition','index','GET','a:0:{}',1501221893),(301,1,'0.0.0.0','保留地址 保留地址  ','Windows 7','Chrome(59.0.3071.115)','http://localhost/jdtm/public/admin/adv_position/add.html','admin','AdvPosition','add','GET','a:0:{}',1501221897),(302,1,'0.0.0.0','保留地址 保留地址  ','Windows 7','Chrome(59.0.3071.115)','http://localhost/jdtm/public/admin/adv/index.html','admin','Adv','index','GET','a:0:{}',1501221900),(303,1,'0.0.0.0','保留地址 保留地址  ','Windows 7','Chrome(59.0.3071.115)','http://localhost/jdtm/public/admin/adv/add.html','admin','Adv','add','GET','a:0:{}',1501221901),(304,1,'0.0.0.0','保留地址 保留地址  ','Windows 7','Chrome(59.0.3071.115)','http://localhost/jdtm/public/admin/adv/add.html','admin','Adv','add','GET','a:0:{}',1501221951),(305,1,'0.0.0.0','保留地址 保留地址  ','Windows 7','Chrome(59.0.3071.115)','http://localhost/jdtm/public/admin/adv/index.html','admin','Adv','index','GET','a:0:{}',1501222075),(306,1,'0.0.0.0','保留地址 保留地址  ','Windows 7','Chrome(59.0.3071.115)','http://localhost/jdtm/public/admin/adv/add.html','admin','Adv','add','GET','a:0:{}',1501222076),(307,1,'0.0.0.0','保留地址 保留地址  ','Windows 7','Chrome(59.0.3071.115)','http://localhost/jdtm/public/admin/adv/add.html','admin','Adv','add','GET','a:0:{}',1501222182),(308,1,'0.0.0.0','保留地址 保留地址  ','Windows 7','Chrome(59.0.3071.115)','http://localhost/jdtm/public/admin/adv/add.html','admin','Adv','add','GET','a:0:{}',1501222234),(309,1,'0.0.0.0','保留地址 保留地址  ','Windows 7','Chrome(59.0.3071.115)','http://localhost/jdtm/public/admin/adv_position/index.html','admin','AdvPosition','index','GET','a:0:{}',1501222242),(310,1,'0.0.0.0','保留地址 保留地址  ','Windows 7','Chrome(59.0.3071.115)','http://localhost/jdtm/public/admin/adv_position/add.html','admin','AdvPosition','add','GET','a:0:{}',1501222243),(311,1,'0.0.0.0','保留地址 保留地址  ','Windows 7','Chrome(59.0.3071.115)','http://localhost/jdtm/public/admin/adv/index.html','admin','Adv','index','GET','a:0:{}',1501222326),(312,1,'0.0.0.0','保留地址 保留地址  ','Windows 7','Chrome(59.0.3071.115)','http://localhost/jdtm/public/admin/adv/add.html','admin','Adv','add','GET','a:0:{}',1501222327),(313,1,'0.0.0.0','保留地址 保留地址  ','Windows 7','Chrome(59.0.3071.115)','http://localhost/jdtm/public/admin/admin_group/index.html','admin','AdminGroup','index','GET','a:0:{}',1501222366),(314,1,'0.0.0.0','保留地址 保留地址  ','Windows 7','Chrome(59.0.3071.115)','http://localhost/jdtm/public/admin/admin_group/add.html','admin','AdminGroup','add','GET','a:0:{}',1501222369),(315,1,'0.0.0.0','保留地址 保留地址  ','Windows 7','Chrome(59.0.3071.115)','http://localhost/jdtm/public/admin/admin_node/index.html','admin','AdminNode','index','GET','a:0:{}',1501222374),(316,1,'0.0.0.0','保留地址 保留地址  ','Windows 7','Chrome(59.0.3071.115)','http://localhost/jdtm/public/admin/admin_node/index','admin','AdminNode','index','POST','a:2:{s:4:\"type\";s:5:\"group\";s:9:\"module_id\";s:1:\"1\";}',1501222375),(317,1,'0.0.0.0','保留地址 保留地址  ','Windows 7','Chrome(59.0.3071.115)','http://localhost/jdtm/public/admin/admin_node/index','admin','AdminNode','index','POST','a:3:{s:4:\"type\";s:4:\"node\";s:9:\"module_id\";s:1:\"1\";s:8:\"group_id\";s:1:\"3\";}',1501222375),(318,1,'0.0.0.0','保留地址 保留地址  ','Windows 7','Chrome(59.0.3071.115)','http://localhost/jdtm/public/admin/admin_node/add?pid=0','admin','AdminNode','add','GET','a:1:{s:3:\"pid\";s:1:\"0\";}',1501222376),(319,1,'0.0.0.0','保留地址 保留地址  ','Windows 7','Chrome(59.0.3071.115)','http://localhost/jdtm/public/admin/admin_role/index.html','admin','AdminRole','index','GET','a:0:{}',1501222395),(320,1,'0.0.0.0','保留地址 保留地址  ','Windows 7','Chrome(59.0.3071.115)','http://localhost/jdtm/public/admin/admin_role/add.html','admin','AdminRole','add','GET','a:0:{}',1501222396),(321,1,'0.0.0.0','保留地址 保留地址  ','Windows 7','Chrome(59.0.3071.115)','http://localhost/jdtm/public/admin/admin_user/index.html','admin','AdminUser','index','GET','a:0:{}',1501222400),(322,1,'0.0.0.0','保留地址 保留地址  ','Windows 7','Chrome(59.0.3071.115)','http://localhost/jdtm/public/admin/admin_user/add.html','admin','AdminUser','add','GET','a:0:{}',1501222401),(323,1,'0.0.0.0','保留地址 保留地址  ','Windows 7','Chrome(59.0.3071.115)','http://localhost/jdtm/public/admin/admin_node/index.html','admin','AdminNode','index','GET','a:0:{}',1501222408),(324,1,'0.0.0.0','保留地址 保留地址  ','Windows 7','Chrome(59.0.3071.115)','http://localhost/jdtm/public/admin/admin_node/index','admin','AdminNode','index','POST','a:2:{s:4:\"type\";s:5:\"group\";s:9:\"module_id\";s:1:\"1\";}',1501222409),(325,1,'0.0.0.0','保留地址 保留地址  ','Windows 7','Chrome(59.0.3071.115)','http://localhost/jdtm/public/admin/admin_node/index','admin','AdminNode','index','POST','a:3:{s:4:\"type\";s:4:\"node\";s:9:\"module_id\";s:1:\"1\";s:8:\"group_id\";s:1:\"3\";}',1501222409),(326,1,'0.0.0.0','保留地址 保留地址  ','Windows 7','Chrome(59.0.3071.115)','http://localhost/jdtm/public/admin/admin_node/add?pid=0','admin','AdminNode','add','GET','a:1:{s:3:\"pid\";s:1:\"0\";}',1501222410),(327,1,'0.0.0.0','保留地址 保留地址  ','Windows 7','Chrome(59.0.3071.115)','http://localhost/jdtm/public/admin/adv_position/index.html','admin','AdvPosition','index','GET','a:0:{}',1501222700),(328,1,'0.0.0.0','保留地址 保留地址  ','Windows 7','Chrome(59.0.3071.115)','http://localhost/jdtm/public/admin/adv_position/delete.html','admin','AdvPosition','delete','POST','a:1:{s:2:\"id\";s:1:\"1\";}',1501222706),(329,1,'0.0.0.0','保留地址 保留地址  ','Windows 7','Chrome(59.0.3071.115)','http://localhost/jdtm/public/admin/adv_position/index.html','admin','AdvPosition','index','GET','a:0:{}',1501222706),(330,1,'0.0.0.0','保留地址 保留地址  ','Windows 7','Chrome(59.0.3071.115)','http://localhost/jdtm/public/admin/adv_position/recyclebin.html','admin','AdvPosition','recyclebin','GET','a:0:{}',1501222708),(331,1,'0.0.0.0','保留地址 保留地址  ','Windows 7','Chrome(59.0.3071.115)','http://localhost/jdtm/public/admin/adv_position/recycle.html','admin','AdvPosition','recycle','POST','a:1:{s:2:\"id\";s:1:\"1\";}',1501222712),(332,1,'0.0.0.0','保留地址 保留地址  ','Windows 7','Chrome(59.0.3071.115)','http://localhost/jdtm/public/admin/adv/index.html','admin','Adv','index','GET','a:0:{}',1501222725),(333,1,'0.0.0.0','保留地址 保留地址  ','Windows 7','Chrome(59.0.3071.115)','http://localhost/jdtm/public/admin/adv_position/index.html','admin','AdvPosition','index','GET','a:0:{}',1501222727),(334,1,'0.0.0.0','保留地址 保留地址  ','Windows 7','Chrome(59.0.3071.115)','http://localhost/jdtm/public/admin/adv/index.html','admin','Adv','index','GET','a:0:{}',1501222729),(335,1,'0.0.0.0','保留地址 保留地址  ','Windows 7','Chrome(59.0.3071.115)','http://localhost/jdtm/public/admin/adv/index.html','admin','Adv','index','GET','a:0:{}',1501223061),(336,1,'0.0.0.0','保留地址 保留地址  ','Windows 7','Chrome(59.0.3071.115)','http://localhost/jdtm/public/admin/adv/index.html','admin','Adv','index','GET','a:0:{}',1501223147),(337,1,'0.0.0.0','保留地址 保留地址  ','Windows 7','Chrome(59.0.3071.115)','http://localhost/jdtm/public/admin/adv/index.html','admin','Adv','index','GET','a:0:{}',1501223600),(338,1,'0.0.0.0','保留地址 保留地址  ','Windows 7','Chrome(59.0.3071.115)','http://localhost/jdtm/public/admin/adv/index.html','admin','Adv','index','GET','a:0:{}',1501224031),(339,1,'0.0.0.0','保留地址 保留地址  ','Windows 7','Chrome(59.0.3071.115)','http://localhost/jdtm/public/admin/adv/add.html','admin','Adv','add','GET','a:0:{}',1501224033),(340,1,'0.0.0.0','保留地址 保留地址  ','Windows 7','Chrome(59.0.3071.115)','http://localhost/jdtm/public/admin/adv/add.html','admin','Adv','add','GET','a:0:{}',1501224171),(341,1,'0.0.0.0','保留地址 保留地址  ','Windows 7','Chrome(59.0.3071.115)','http://localhost/jdtm/public/admin/adv/add.html','admin','Adv','add','GET','a:0:{}',1501224196),(342,1,'0.0.0.0','保留地址 保留地址  ','Windows 7','Chrome(59.0.3071.115)','http://localhost/jdtm/public/admin/adv/index.html','admin','Adv','index','GET','a:0:{}',1501224481),(343,1,'0.0.0.0','保留地址 保留地址  ','Windows 7','Chrome(59.0.3071.115)','http://localhost/jdtm/public/admin/adv/add.html','admin','Adv','add','GET','a:0:{}',1501224482),(344,1,'0.0.0.0','保留地址 保留地址  ','Windows 7','Chrome(59.0.3071.115)','http://localhost/jdtm/public/admin/adv/index.html','admin','Adv','index','GET','a:0:{}',1501224531),(345,1,'0.0.0.0','保留地址 保留地址  ','Windows 7','Chrome(59.0.3071.115)','http://localhost/jdtm/public/admin/adv/add.html','admin','Adv','add','GET','a:0:{}',1501224532),(346,1,'0.0.0.0','保留地址 保留地址  ','Windows 7','Chrome(59.0.3071.115)','http://localhost/jdtm/public/admin/adv/index.html','admin','Adv','index','GET','a:0:{}',1501224898),(347,1,'0.0.0.0','保留地址 保留地址  ','Windows 7','Chrome(59.0.3071.115)','http://localhost/jdtm/public/admin','admin','Index','index','GET','a:0:{}',1501224899),(348,1,'0.0.0.0','保留地址 保留地址  ','Windows 7','Chrome(59.0.3071.115)','http://localhost/jdtm/public/admin/index/welcome.html','admin','Index','welcome','GET','a:0:{}',1501224900),(349,1,'0.0.0.0','保留地址 保留地址  ','Windows 7','Chrome(59.0.3071.115)','http://localhost/jdtm/public/admin/adv/index.html','admin','Adv','index','GET','a:0:{}',1501224902),(350,1,'0.0.0.0','保留地址 保留地址  ','Windows 7','Chrome(59.0.3071.115)','http://localhost/jdtm/public/admin/adv/add.html','admin','Adv','add','GET','a:0:{}',1501224903),(351,1,'0.0.0.0','保留地址 保留地址  ','Windows 7','Chrome(59.0.3071.115)','http://localhost/jdtm/public/admin/adv/add.html','admin','Adv','add','POST','a:11:{s:2:\"id\";s:0:\"\";s:5:\"title\";s:3:\"666\";s:11:\"position_id\";s:1:\"1\";s:3:\"pic\";s:36:\"__IMG__/1zhe/2017-06-27_09_14_27.jpg\";s:4:\"link\";s:1:\"6\";s:6:\"target\";s:1:\"1\";s:4:\"sort\";s:2:\"10\";s:6:\"remark\";s:3:\"256\";s:10:\"start_time\";s:19:\"2017-07-28 14:55:22\";s:8:\"end_time\";s:19:\"2017-07-28 14:55:24\";s:6:\"status\";s:1:\"1\";}',1501225066),(352,1,'0.0.0.0','保留地址 保留地址  ','Windows 7','Chrome(59.0.3071.115)','http://localhost/jdtm/public/admin/adv/index.html','admin','Adv','index','GET','a:0:{}',1501225066),(353,1,'0.0.0.0','保留地址 保留地址  ','Windows 7','Chrome(59.0.3071.115)','http://localhost/jdtm/public/admin/adv/add.html','admin','Adv','add','GET','a:0:{}',1501225133),(354,1,'0.0.0.0','保留地址 保留地址  ','Windows 7','Chrome(59.0.3071.115)','http://localhost/jdtm/public/admin/adv/index.html','admin','Adv','index','GET','a:0:{}',1501225137),(355,1,'0.0.0.0','保留地址 保留地址  ','Windows 7','Chrome(59.0.3071.115)','http://localhost/jdtm/public/admin/adv/add.html','admin','Adv','add','GET','a:0:{}',1501225139),(356,1,'0.0.0.0','保留地址 保留地址  ','Windows 7','Chrome(59.0.3071.115)','http://localhost/jdtm/public/admin/adv/add.html','admin','Adv','add','POST','a:11:{s:2:\"id\";s:0:\"\";s:5:\"title\";s:27:\"妹子教你用京东特卖\";s:11:\"position_id\";s:1:\"1\";s:3:\"pic\";s:36:\"__IMG__/1zhe/2017-06-27_09_14_27.jpg\";s:4:\"link\";s:0:\"\";s:6:\"target\";s:1:\"1\";s:4:\"sort\";s:2:\"10\";s:6:\"remark\";s:15:\"首页轮播图\";s:10:\"start_time\";s:19:\"2017-07-28 14:59:30\";s:8:\"end_time\";s:19:\"2017-07-28 14:59:32\";s:6:\"status\";s:1:\"1\";}',1501225176),(357,1,'0.0.0.0','保留地址 保留地址  ','Windows 7','Chrome(59.0.3071.115)','http://localhost/jdtm/public/admin/adv/index.html','admin','Adv','index','GET','a:0:{}',1501225176),(358,1,'0.0.0.0','保留地址 保留地址  ','Windows 7','Chrome(59.0.3071.115)','http://localhost/jdtm/public/admin/adv/add.html','admin','Adv','add','GET','a:0:{}',1501225185),(359,1,'0.0.0.0','保留地址 保留地址  ','Windows 7','Chrome(59.0.3071.115)','http://localhost/jdtm/public/admin/adv/add.html','admin','Adv','add','POST','a:11:{s:2:\"id\";s:0:\"\";s:5:\"title\";s:18:\"京东特卖介绍\";s:11:\"position_id\";s:1:\"1\";s:3:\"pic\";s:36:\"__IMG__/1zhe/2016-11-04_17_46_24.png\";s:4:\"link\";s:21:\"http://www.bujie.com/\";s:6:\"target\";s:1:\"1\";s:4:\"sort\";s:2:\"10\";s:6:\"remark\";s:12:\"网站介绍\";s:10:\"start_time\";s:19:\"2017-07-26 15:01:13\";s:8:\"end_time\";s:19:\"2017-08-04 15:01:19\";s:6:\"status\";s:1:\"1\";}',1501225286),(360,1,'0.0.0.0','保留地址 保留地址  ','Windows 7','Chrome(59.0.3071.115)','http://localhost/jdtm/public/admin/adv/index.html','admin','Adv','index','GET','a:0:{}',1501225286),(361,1,'0.0.0.0','保留地址 保留地址  ','Windows 7','Chrome(59.0.3071.115)','http://localhost/jdtm/public/admin/adv_position/index.html','admin','AdvPosition','index','GET','a:0:{}',1501225294),(362,1,'0.0.0.0','保留地址 保留地址  ','Windows 7','Chrome(59.0.3071.115)','http://localhost/jdtm/public/admin/adv_position/add.html','admin','AdvPosition','add','GET','a:0:{}',1501225297),(363,1,'0.0.0.0','保留地址 保留地址  ','Windows 7','Chrome(59.0.3071.115)','http://localhost/jdtm/public/admin/adv_position/add.html','admin','AdvPosition','add','POST','a:4:{s:2:\"id\";s:0:\"\";s:4:\"name\";s:12:\"侧边挂幅\";s:4:\"code\";s:148:\"&lt;a id=&quot;left_qr&quot; style=&quot;display: inline;&quot; href=&quot;&quot; target=&quot;_blank&quot; class=&quot;scr-left&quot;&gt;&lt;/a&gt;\";s:6:\"status\";s:1:\"1\";}',1501225365),(364,1,'0.0.0.0','保留地址 保留地址  ','Windows 7','Chrome(59.0.3071.115)','http://localhost/jdtm/public/admin/adv_position/index.html','admin','AdvPosition','index','GET','a:0:{}',1501225365),(365,1,'0.0.0.0','保留地址 保留地址  ','Windows 7','Chrome(59.0.3071.115)','http://localhost/jdtm/public/admin/adv/index.html','admin','Adv','index','GET','a:0:{}',1501225368),(366,1,'0.0.0.0','保留地址 保留地址  ','Windows 7','Chrome(59.0.3071.115)','http://localhost/jdtm/public/admin/adv_position/index.html','admin','AdvPosition','index','GET','a:0:{}',1501225373),(367,1,'0.0.0.0','保留地址 保留地址  ','Windows 7','Chrome(59.0.3071.115)','http://localhost/jdtm/public/admin/adv/index.html','admin','Adv','index','GET','a:0:{}',1501225374),(368,1,'0.0.0.0','保留地址 保留地址  ','Windows 7','Chrome(59.0.3071.115)','http://localhost/jdtm/public/admin/adv_position/index.html','admin','AdvPosition','index','GET','a:0:{}',1501225375),(369,1,'0.0.0.0','保留地址 保留地址  ','Windows 7','Chrome(59.0.3071.115)','http://localhost/jdtm/public/admin/adv/index.html','admin','Adv','index','GET','a:0:{}',1501225378),(370,1,'0.0.0.0','保留地址 保留地址  ','Windows 7','Chrome(59.0.3071.115)','http://localhost/jdtm/public/admin/adv/add.html','admin','Adv','add','GET','a:0:{}',1501225389),(371,1,'0.0.0.0','保留地址 保留地址  ','Windows 7','Chrome(59.0.3071.115)','http://localhost/jdtm/public/admin','admin','Index','index','GET','a:0:{}',1501225530),(372,1,'0.0.0.0','保留地址 保留地址  ','Windows 7','Chrome(59.0.3071.115)','http://localhost/jdtm/public/admin/index/welcome.html','admin','Index','welcome','GET','a:0:{}',1501225531),(373,1,'0.0.0.0','保留地址 保留地址  ','Windows 7','Chrome(59.0.3071.115)','http://localhost/jdtm/public/admin/adv/index.html','admin','Adv','index','GET','a:0:{}',1501225532),(374,1,'0.0.0.0','保留地址 保留地址  ','Windows 7','Chrome(59.0.3071.115)','http://localhost/jdtm/public/admin/adv_position/index.html','admin','AdvPosition','index','GET','a:0:{}',1501225534),(375,1,'0.0.0.0','保留地址 保留地址  ','Windows 7','Chrome(59.0.3071.115)','http://localhost/jdtm/public/admin/adv/index.html','admin','Adv','index','GET','a:0:{}',1501225535),(376,1,'0.0.0.0','保留地址 保留地址  ','Windows 7','Chrome(59.0.3071.115)','http://localhost/jdtm/public/admin/adv/index.html?title=&position_id=1','admin','Adv','index','GET','a:2:{s:5:\"title\";s:0:\"\";s:11:\"position_id\";s:1:\"1\";}',1501225548),(377,1,'0.0.0.0','保留地址 保留地址  ','Windows 7','Chrome(59.0.3071.115)','http://localhost/jdtm/public/admin/adv/index.html?title=&position_id=2','admin','Adv','index','GET','a:2:{s:5:\"title\";s:0:\"\";s:11:\"position_id\";s:1:\"2\";}',1501225551),(378,1,'0.0.0.0','保留地址 保留地址  ','Windows 7','Chrome(59.0.3071.115)','http://localhost/jdtm/public/admin/adv/index.html?title=&position_id=1','admin','Adv','index','GET','a:2:{s:5:\"title\";s:0:\"\";s:11:\"position_id\";s:1:\"1\";}',1501225553),(379,1,'0.0.0.0','保留地址 保留地址  ','Windows 7','Chrome(59.0.3071.115)','http://localhost/jdtm/public/admin/adv/index.html','admin','Adv','index','GET','a:0:{}',1501225590),(380,1,'0.0.0.0','保留地址 保留地址  ','Windows 7','Chrome(59.0.3071.115)','http://localhost/jdtm/public/admin/adv/index.html?title=&position_id=&status=0','admin','Adv','index','GET','a:3:{s:5:\"title\";s:0:\"\";s:11:\"position_id\";s:0:\"\";s:6:\"status\";s:1:\"0\";}',1501225594),(381,1,'0.0.0.0','保留地址 保留地址  ','Windows 7','Chrome(59.0.3071.115)','http://localhost/jdtm/public/admin/adv/index.html?title=&position_id=&status=1','admin','Adv','index','GET','a:3:{s:5:\"title\";s:0:\"\";s:11:\"position_id\";s:0:\"\";s:6:\"status\";s:1:\"1\";}',1501225597),(382,1,'0.0.0.0','保留地址 保留地址  ','Windows 7','Chrome(59.0.3071.115)','http://localhost/jdtm/public/admin/adv/index.html','admin','Adv','index','GET','a:0:{}',1501225600),(383,1,'0.0.0.0','保留地址 保留地址  ','Windows 7','Chrome(59.0.3071.115)','http://localhost/jdtm/public/admin/adv/index.html','admin','Adv','index','GET','a:0:{}',1501225662),(384,1,'0.0.0.0','保留地址 保留地址  ','Windows 7','Chrome(59.0.3071.115)','http://localhost/jdtm/public/admin/adv_position/index.html','admin','AdvPosition','index','GET','a:0:{}',1501225663),(385,1,'0.0.0.0','保留地址 保留地址  ','Windows 7','Chrome(59.0.3071.115)','http://localhost/jdtm/public/admin/adv/index.html','admin','Adv','index','GET','a:0:{}',1501225665),(386,1,'0.0.0.0','保留地址 保留地址  ','Windows 7','Chrome(59.0.3071.115)','http://localhost/jdtm/public/admin/adv_position/index.html','admin','AdvPosition','index','GET','a:0:{}',1501225671),(387,1,'0.0.0.0','保留地址 保留地址  ','Windows 7','Chrome(59.0.3071.115)','http://localhost/jdtm/public/admin/adv/index.html','admin','Adv','index','GET','a:0:{}',1501225672),(388,1,'0.0.0.0','保留地址 保留地址  ','Windows 7','Chrome(59.0.3071.115)','http://localhost/jdtm/public/admin/adv/add.html','admin','Adv','add','GET','a:0:{}',1501225675),(389,1,'0.0.0.0','保留地址 保留地址  ','Windows 7','Chrome(59.0.3071.115)','http://localhost/jdtm/public/admin/adv/add.html','admin','Adv','add','GET','a:0:{}',1501225683),(390,1,'0.0.0.0','保留地址 保留地址  ','Windows 7','Chrome(59.0.3071.115)','http://localhost/jdtm/public/admin/adv/edit/id/1.html','admin','Adv','edit','GET','a:1:{s:2:\"id\";s:1:\"1\";}',1501225709),(391,1,'0.0.0.0','保留地址 保留地址  ','Windows 7','Chrome(59.0.3071.115)','http://localhost/jdtm/public/admin/adv_position/index.html','admin','AdvPosition','index','GET','a:0:{}',1501225726),(392,1,'0.0.0.0','保留地址 保留地址  ','Windows 7','Chrome(59.0.3071.115)','http://localhost/jdtm/public/admin/adv_position/edit/id/1.html','admin','AdvPosition','edit','GET','a:1:{s:2:\"id\";s:1:\"1\";}',1501225728),(393,1,'0.0.0.0','保留地址 保留地址  ','Windows 7','Chrome(59.0.3071.115)','http://localhost/jdtm/public/admin/adv_position/edit/id/1.html','admin','AdvPosition','edit','GET','a:1:{s:2:\"id\";s:1:\"1\";}',1501225733),(394,1,'0.0.0.0','保留地址 保留地址  ','Windows 7','Chrome(59.0.3071.115)','http://localhost/jdtm/public/admin/adv/index.html','admin','Adv','index','GET','a:0:{}',1501225766),(395,1,'0.0.0.0','保留地址 保留地址  ','Windows 7','Chrome(59.0.3071.115)','http://localhost/jdtm/public/admin/adv_position/index.html','admin','AdvPosition','index','GET','a:0:{}',1501225767),(396,1,'0.0.0.0','保留地址 保留地址  ','Windows 7','Chrome(59.0.3071.115)','http://localhost/jdtm/public/admin/adv/index.html','admin','Adv','index','GET','a:0:{}',1501225768),(397,1,'0.0.0.0','保留地址 保留地址  ','Windows 7','Chrome(59.0.3071.115)','http://localhost/jdtm/public/admin/adv/index.html','admin','Adv','index','GET','a:0:{}',1501225877),(398,1,'0.0.0.0','保留地址 保留地址  ','Windows 7','Chrome(59.0.3071.115)','http://localhost/jdtm/public/admin/adv/index.html','admin','Adv','index','GET','a:0:{}',1501226947),(399,1,'0.0.0.0','保留地址 保留地址  ','Windows 7','Chrome(59.0.3071.115)','http://localhost/jdtm/public/admin/adv/index.html','admin','Adv','index','GET','a:0:{}',1501226972),(400,1,'0.0.0.0','保留地址 保留地址  ','Windows 7','Chrome(59.0.3071.115)','http://localhost/jdtm/public/admin/adv_position/index.html','admin','AdvPosition','index','GET','a:0:{}',1501226973),(401,1,'0.0.0.0','保留地址 保留地址  ','Windows 7','Chrome(59.0.3071.115)','http://localhost/jdtm/public/admin/adv/index.html','admin','Adv','index','GET','a:0:{}',1501226974),(402,1,'0.0.0.0','保留地址 保留地址  ','Windows 7','Chrome(59.0.3071.115)','http://localhost/jdtm/public/admin/adv/index.html?title=&position_id=1&status=','admin','Adv','index','GET','a:3:{s:5:\"title\";s:0:\"\";s:11:\"position_id\";s:1:\"1\";s:6:\"status\";s:0:\"\";}',1501226976),(403,1,'0.0.0.0','保留地址 保留地址  ','Windows 7','Chrome(59.0.3071.115)','http://localhost/jdtm/public/admin/adv/index.html?title=&position_id=2&status=','admin','Adv','index','GET','a:3:{s:5:\"title\";s:0:\"\";s:11:\"position_id\";s:1:\"2\";s:6:\"status\";s:0:\"\";}',1501226979),(404,1,'0.0.0.0','保留地址 保留地址  ','Windows 7','Chrome(59.0.3071.115)','http://localhost/jdtm/public/admin/adv/add.html','admin','Adv','add','GET','a:0:{}',1501226985),(405,1,'0.0.0.0','保留地址 保留地址  ','Windows 7','Chrome(59.0.3071.115)','http://localhost/jdtm/public/admin/adv/add.html','admin','Adv','add','POST','a:11:{s:2:\"id\";s:0:\"\";s:5:\"title\";s:12:\"侧边广告\";s:11:\"position_id\";s:1:\"2\";s:3:\"pic\";s:29:\"__IMG__/1zhe/item-ewm-9k9.jpg\";s:4:\"link\";s:0:\"\";s:6:\"target\";s:1:\"1\";s:4:\"sort\";s:2:\"10\";s:6:\"remark\";s:6:\"侧边\";s:10:\"start_time\";s:19:\"2017-07-28 15:32:23\";s:8:\"end_time\";s:19:\"2018-08-28 15:32:26\";s:6:\"status\";s:1:\"1\";}',1501227157),(406,1,'0.0.0.0','保留地址 保留地址  ','Windows 7','Chrome(59.0.3071.115)','http://localhost/jdtm/public/admin/adv/index.html?title=&position_id=2&status=','admin','Adv','index','GET','a:3:{s:5:\"title\";s:0:\"\";s:11:\"position_id\";s:1:\"2\";s:6:\"status\";s:0:\"\";}',1501227157),(407,1,'0.0.0.0','保留地址 保留地址  ','Windows 7','Chrome(59.0.3071.115)','http://localhost/jdtm/public/admin/adv/index.html?title=&position_id=&status=','admin','Adv','index','GET','a:3:{s:5:\"title\";s:0:\"\";s:11:\"position_id\";s:0:\"\";s:6:\"status\";s:0:\"\";}',1501227163),(408,1,'0.0.0.0','保留地址 保留地址  ','Windows 7','Chrome(59.0.3071.115)','http://localhost/jdtm/public/admin/adv/add.html','admin','Adv','add','GET','a:0:{}',1501227177),(409,1,'0.0.0.0','保留地址 保留地址  ','Windows 7','Chrome(59.0.3071.115)','http://localhost/jdtm/public/admin/adv/add.html','admin','Adv','add','GET','a:0:{}',1501227198),(410,1,'0.0.0.0','保留地址 保留地址  ','Windows 7','Chrome(59.0.3071.115)','http://localhost/jdtm/public/admin/adv/add.html','admin','Adv','add','POST','a:11:{s:2:\"id\";s:0:\"\";s:5:\"title\";s:15:\"京东酷玩街\";s:11:\"position_id\";s:1:\"1\";s:3:\"pic\";s:29:\"__IMG__/1zhe/item-ewm-9k9.jpg\";s:4:\"link\";s:0:\"\";s:6:\"target\";s:1:\"1\";s:4:\"sort\";s:2:\"10\";s:6:\"remark\";s:15:\"京东酷玩街\";s:10:\"start_time\";s:19:\"2017-07-28 15:33:54\";s:8:\"end_time\";s:19:\"2017-10-28 15:33:56\";s:6:\"status\";s:1:\"1\";}',1501227241),(411,1,'0.0.0.0','保留地址 保留地址  ','Windows 7','Chrome(59.0.3071.115)','http://localhost/jdtm/public/admin/adv/index.html?title=&position_id=&status=','admin','Adv','index','GET','a:3:{s:5:\"title\";s:0:\"\";s:11:\"position_id\";s:0:\"\";s:6:\"status\";s:0:\"\";}',1501227241),(412,1,'0.0.0.0','保留地址 保留地址  ','Windows 7','Chrome(59.0.3071.115)','http://localhost/jdtm/public/admin/adv/add.html','admin','Adv','add','GET','a:0:{}',1501227249),(413,1,'0.0.0.0','保留地址 保留地址  ','Windows 7','Chrome(59.0.3071.115)','http://localhost/jdtm/public/admin/adv/edit/id/4.html','admin','Adv','edit','GET','a:1:{s:2:\"id\";s:1:\"4\";}',1501227272),(414,1,'0.0.0.0','保留地址 保留地址  ','Windows 7','Chrome(59.0.3071.115)','http://localhost/jdtm/public/admin/adv/edit/id/4.html','admin','Adv','edit','POST','a:11:{s:2:\"id\";s:1:\"4\";s:5:\"title\";s:15:\"京东酷玩街\";s:11:\"position_id\";s:1:\"1\";s:3:\"pic\";s:33:\"__IMG__/1zhe/2017-07-25-16-20.jpg\";s:4:\"link\";s:0:\"\";s:6:\"target\";s:1:\"1\";s:4:\"sort\";s:2:\"10\";s:6:\"remark\";s:15:\"京东酷玩街\";s:10:\"start_time\";s:19:\"2017-07-28 15:33:54\";s:8:\"end_time\";s:19:\"2017-10-28 15:33:56\";s:6:\"status\";s:1:\"1\";}',1501227282),(415,1,'0.0.0.0','保留地址 保留地址  ','Windows 7','Chrome(59.0.3071.115)','http://localhost/jdtm/public/admin/adv/index.html?title=&position_id=&status=','admin','Adv','index','GET','a:3:{s:5:\"title\";s:0:\"\";s:11:\"position_id\";s:0:\"\";s:6:\"status\";s:0:\"\";}',1501227282),(416,1,'0.0.0.0','保留地址 保留地址  ','Windows 7','Chrome(59.0.3071.115)','http://localhost/jdtm/public/admin/adv/add.html','admin','Adv','add','GET','a:0:{}',1501227284),(417,1,'0.0.0.0','保留地址 保留地址  ','Windows 7','Chrome(59.0.3071.115)','http://localhost/jdtm/public/admin/adv/add.html','admin','Adv','add','POST','a:11:{s:2:\"id\";s:0:\"\";s:5:\"title\";s:21:\"京东超级品类日\";s:11:\"position_id\";s:1:\"1\";s:3:\"pic\";s:33:\"__IMG__/1zhe/2017-07-25-16-25.jpg\";s:4:\"link\";s:0:\"\";s:6:\"target\";s:1:\"1\";s:4:\"sort\";s:2:\"10\";s:6:\"remark\";s:27:\"京东数码超级品类日\";s:10:\"start_time\";s:19:\"2017-07-28 15:35:54\";s:8:\"end_time\";s:19:\"2017-08-10 15:35:56\";s:6:\"status\";s:1:\"1\";}',1501227367),(418,1,'0.0.0.0','保留地址 保留地址  ','Windows 7','Chrome(59.0.3071.115)','http://localhost/jdtm/public/admin/adv/index.html?title=&position_id=&status=','admin','Adv','index','GET','a:3:{s:5:\"title\";s:0:\"\";s:11:\"position_id\";s:0:\"\";s:6:\"status\";s:0:\"\";}',1501227367),(419,1,'0.0.0.0','保留地址 保留地址  ','Windows 7','Chrome(59.0.3071.115)','http://localhost/jdtm/public/admin/adv_position/index.html','admin','AdvPosition','index','GET','a:0:{}',1501227390),(420,1,'0.0.0.0','保留地址 保留地址  ','Windows 7','Chrome(59.0.3071.115)','http://localhost/jdtm/public/admin/adv/index.html','admin','Adv','index','GET','a:0:{}',1501227391),(421,1,'0.0.0.0','保留地址 保留地址  ','Windows 7','Chrome(59.0.3071.115)','http://localhost/jdtm/public/admin/adv/saveOrder','admin','Adv','saveorder','POST','a:1:{s:4:\"sort\";a:5:{i:1;s:1:\"7\";i:2;s:1:\"3\";i:3;s:2:\"10\";i:4;s:1:\"1\";i:5;s:1:\"5\";}}',1501228251),(422,1,'0.0.0.0','保留地址 保留地址  ','Windows 7','Chrome(59.0.3071.115)','http://localhost/jdtm/public/admin/adv/edit/id/5.html','admin','Adv','edit','GET','a:1:{s:2:\"id\";s:1:\"5\";}',1501228604),(423,1,'0.0.0.0','保留地址 保留地址  ','Windows 7','Chrome(59.0.3071.115)','http://localhost/jdtm/public/admin/adv/edit/id/5.html','admin','Adv','edit','POST','a:11:{s:2:\"id\";s:1:\"5\";s:5:\"title\";s:21:\"京东超级品类日\";s:11:\"position_id\";s:1:\"1\";s:3:\"pic\";s:33:\"__IMG__/1zhe/2017-07-25-16-25.jpg\";s:4:\"link\";s:0:\"\";s:6:\"target\";s:1:\"0\";s:4:\"sort\";s:1:\"5\";s:6:\"remark\";s:27:\"京东数码超级品类日\";s:10:\"start_time\";s:19:\"2017-07-28 15:35:54\";s:8:\"end_time\";s:19:\"2017-08-10 15:35:56\";s:6:\"status\";s:1:\"1\";}',1501228609),(424,1,'0.0.0.0','保留地址 保留地址  ','Windows 7','Chrome(59.0.3071.115)','http://localhost/jdtm/public/admin/adv/index.html','admin','Adv','index','GET','a:0:{}',1501228609),(425,1,'0.0.0.0','保留地址 保留地址  ','Windows 7','Chrome(59.0.3071.115)','http://localhost/jdtm/public/admin','admin','Index','index','GET','a:0:{}',1501228639),(426,1,'0.0.0.0','保留地址 保留地址  ','Windows 7','Chrome(59.0.3071.115)','http://localhost/jdtm/public/admin/index/welcome.html','admin','Index','welcome','GET','a:0:{}',1501228640),(427,1,'0.0.0.0','保留地址 保留地址  ','Windows 7','Chrome(59.0.3071.115)','http://localhost/jdtm/public/admin/adv/index.html','admin','Adv','index','GET','a:0:{}',1501228948),(428,1,'0.0.0.0','保留地址 保留地址  ','Windows 7','Chrome(59.0.3071.115)','http://localhost/jdtm/public/admin/adv/index.html','admin','Adv','index','GET','a:0:{}',1501229067),(429,1,'0.0.0.0','保留地址 保留地址  ','Windows 7','Chrome(59.0.3071.115)','http://localhost/jdtm/public/admin/adv/index.html','admin','Adv','index','GET','a:0:{}',1501229119),(430,1,'0.0.0.0','保留地址 保留地址  ','Windows 7','Chrome(59.0.3071.115)','http://localhost/jdtm/public/admin/adv/index.html','admin','Adv','index','GET','a:0:{}',1501229154),(431,1,'0.0.0.0','保留地址 保留地址  ','Windows 7','Chrome(59.0.3071.115)','http://localhost/jdtm/public/admin/adv/index.html','admin','Adv','index','GET','a:0:{}',1501229163),(432,1,'0.0.0.0','保留地址 保留地址  ','Windows 7','Chrome(59.0.3071.115)','http://localhost/jdtm/public/admin/adv/index.html','admin','Adv','index','GET','a:0:{}',1501229172),(433,1,'0.0.0.0','保留地址 保留地址  ','Windows 7','Chrome(59.0.3071.115)','http://localhost/jdtm/public/admin/adv/index.html','admin','Adv','index','GET','a:0:{}',1501229181),(434,1,'0.0.0.0','保留地址 保留地址  ','Windows 7','Chrome(59.0.3071.115)','http://localhost/jdtm/public/admin/adv/forbid/id/5.html','admin','Adv','forbid','POST','a:1:{s:2:\"id\";s:1:\"5\";}',1501229197),(435,1,'0.0.0.0','保留地址 保留地址  ','Windows 7','Chrome(59.0.3071.115)','http://localhost/jdtm/public/admin/adv/resume/id/5.html','admin','Adv','resume','POST','a:1:{s:2:\"id\";s:1:\"5\";}',1501229229),(436,1,'0.0.0.0','保留地址 保留地址  ','Windows 7','Chrome(59.0.3071.115)','http://localhost/jdtm/public/admin/adv/index.html','admin','Adv','index','GET','a:0:{}',1501229245),(437,1,'0.0.0.0','保留地址 保留地址  ','Windows 7','Chrome(59.0.3071.115)','http://localhost/jdtm/public/admin/adv_position/index.html','admin','AdvPosition','index','GET','a:0:{}',1501229246),(438,1,'0.0.0.0','保留地址 保留地址  ','Windows 7','Chrome(59.0.3071.115)','http://localhost/jdtm/public/admin/adv/index.html','admin','Adv','index','GET','a:0:{}',1501229246),(439,1,'0.0.0.0','保留地址 保留地址  ','Windows 7','Chrome(59.0.3071.115)','http://localhost/jdtm/public/admin/adv_position/index.html','admin','AdvPosition','index','GET','a:0:{}',1501229560),(440,1,'0.0.0.0','保留地址 保留地址  ','Windows 7','Chrome(59.0.3071.115)','http://localhost/jdtm/public/admin/adv_position/edit/id/1.html','admin','AdvPosition','edit','GET','a:1:{s:2:\"id\";s:1:\"1\";}',1501229564),(441,1,'0.0.0.0','保留地址 保留地址  ','Windows 7','Chrome(59.0.3071.115)','http://localhost/jdtm/public/admin/adv_position/edit/id/1.html','admin','AdvPosition','edit','POST','a:4:{s:2:\"id\";s:1:\"1\";s:4:\"name\";s:15:\"首页轮播图\";s:4:\"code\";s:200:\"&lt;ul class=&quot;item-img&quot; id=&quot;item-img&quot;&gt;\r\n                {volist name=&quot;banners&quot; id=&quot;vo&quot;}\r\n                &lt;li class=&quot;li1&quot; style=&quot;position: a\";s:6:\"status\";s:1:\"1\";}',1501229574),(442,1,'0.0.0.0','保留地址 保留地址  ','Windows 7','Chrome(59.0.3071.115)','http://localhost/jdtm/public/admin/adv_position/index.html','admin','AdvPosition','index','GET','a:0:{}',1501229574),(443,1,'0.0.0.0','保留地址 保留地址  ','Windows 7','Chrome(59.0.3071.115)','http://localhost/jdtm/public/admin/adv_position/edit/id/2.html','admin','AdvPosition','edit','GET','a:1:{s:2:\"id\";s:1:\"2\";}',1501230075),(444,1,'0.0.0.0','保留地址 保留地址  ','Windows 7','Chrome(59.0.3071.115)','http://localhost/jdtm/public/admin/adv_position/edit/id/2.html','admin','AdvPosition','edit','POST','a:4:{s:2:\"id\";s:1:\"2\";s:4:\"name\";s:18:\"滚动优惠信息\";s:4:\"code\";s:200:\"&lt;div id=&quot;index_subject&quot; class=&quot;zt_class&quot;&gt;\r\n                {volist name=&quot;discount&quot; id=&quot;vo&quot;}\r\n                &lt;ul&gt;\r\n                    &lt;li&gt;\r\n \";s:6:\"status\";s:1:\"1\";}',1501231591),(445,1,'0.0.0.0','保留地址 保留地址  ','Windows 7','Chrome(59.0.3071.115)','http://localhost/jdtm/public/admin/adv_position/index.html','admin','AdvPosition','index','GET','a:0:{}',1501231591),(446,1,'0.0.0.0','保留地址 保留地址  ','Windows 7','Chrome(59.0.3071.115)','http://localhost/jdtm/public/admin/adv/index.html','admin','Adv','index','GET','a:0:{}',1501231595),(447,1,'0.0.0.0','保留地址 保留地址  ','Windows 7','Chrome(59.0.3071.115)','http://localhost/jdtm/public/admin/adv/edit/id/3.html','admin','Adv','edit','GET','a:1:{s:2:\"id\";s:1:\"3\";}',1501231599),(448,1,'0.0.0.0','保留地址 保留地址  ','Windows 7','Chrome(59.0.3071.115)','http://localhost/jdtm/public/admin/adv/edit/id/3.html','admin','Adv','edit','POST','a:11:{s:2:\"id\";s:1:\"3\";s:5:\"title\";s:12:\"优惠信息\";s:11:\"position_id\";s:1:\"2\";s:3:\"pic\";s:94:\"/jdtm/public/static/index/images/1zhe/TB1nvR9RpXXXXbwXFXXXXXXXXXX_!!0-item_pic.jpg_290x290.jpg\";s:4:\"link\";s:21:\"http://www.bujie.com/\";s:6:\"target\";s:1:\"1\";s:4:\"sort\";s:2:\"10\";s:6:\"remark\";s:6:\"优惠\";s:10:\"start_time\";s:19:\"2017-07-28 15:32:23\";s:8:\"end_time\";s:19:\"2018-08-28 15:32:26\";s:6:\"status\";s:1:\"1\";}',1501231651),(449,1,'0.0.0.0','保留地址 保留地址  ','Windows 7','Chrome(59.0.3071.115)','http://localhost/jdtm/public/admin/adv/index.html','admin','Adv','index','GET','a:0:{}',1501231651),(450,1,'0.0.0.0','保留地址 保留地址  ','Windows 7','Chrome(59.0.3071.115)','http://localhost/jdtm/public/admin/adv/edit/id/5.html','admin','Adv','edit','GET','a:1:{s:2:\"id\";s:1:\"5\";}',1501231654),(451,1,'0.0.0.0','保留地址 保留地址  ','Windows 7','Chrome(59.0.3071.115)','http://localhost/jdtm/public/admin/adv/add.html','admin','Adv','add','GET','a:0:{}',1501231726),(452,1,'0.0.0.0','保留地址 保留地址  ','Windows 7','Chrome(59.0.3071.115)','http://localhost/jdtm/public/admin/adv/add.html','admin','Adv','add','POST','a:11:{s:2:\"id\";s:0:\"\";s:5:\"title\";s:21:\"iPhone磨砂手机壳\";s:11:\"position_id\";s:1:\"2\";s:3:\"pic\";s:69:\"__IMG__/1zhe/TB1O3k7OXXXXXXZapXXXXXXXXXX_!!0-item_pic.jpg_290x290.jpg\";s:4:\"link\";s:21:\"http://www.bujie.com/\";s:6:\"target\";s:1:\"1\";s:4:\"sort\";s:2:\"10\";s:6:\"remark\";s:21:\"iPhone磨砂手机壳\";s:10:\"start_time\";s:19:\"2017-07-28 16:50:09\";s:8:\"end_time\";s:19:\"2017-07-28 17:30:12\";s:6:\"status\";s:1:\"1\";}',1501231841),(453,1,'0.0.0.0','保留地址 保留地址  ','Windows 7','Chrome(59.0.3071.115)','http://localhost/jdtm/public/admin/adv/index.html','admin','Adv','index','GET','a:0:{}',1501231841),(454,1,'0.0.0.0','保留地址 保留地址  ','Windows 7','Chrome(59.0.3071.115)','http://localhost/jdtm/public/admin/adv/add.html','admin','Adv','add','GET','a:0:{}',1501232132),(455,1,'0.0.0.0','保留地址 保留地址  ','Windows 7','Chrome(59.0.3071.115)','http://localhost/jdtm/public/admin/adv/add.html','admin','Adv','add','POST','a:11:{s:2:\"id\";s:0:\"\";s:5:\"title\";s:9:\"夏女装\";s:11:\"position_id\";s:1:\"2\";s:3:\"pic\";s:69:\"__IMG__/1zhe/TB1vGAXLpXXXXXRXXXXXXXXXXXX_!!0-item_pic.jpg_290x290.jpg\";s:4:\"link\";s:0:\"\";s:6:\"target\";s:1:\"1\";s:4:\"sort\";s:2:\"10\";s:6:\"remark\";s:9:\"夏女装\";s:10:\"start_time\";s:19:\"2017-07-28 16:56:19\";s:8:\"end_time\";s:19:\"2017-07-28 16:56:21\";s:6:\"status\";s:1:\"1\";}',1501232182),(456,1,'0.0.0.0','保留地址 保留地址  ','Windows 7','Chrome(59.0.3071.115)','http://localhost/jdtm/public/admin/adv/index.html','admin','Adv','index','GET','a:0:{}',1501232183),(457,1,'0.0.0.0','保留地址 保留地址  ','Windows 7','Chrome(59.0.3071.115)','http://localhost/jdtm/public/admin/adv/index.html?title=&position_id=2&status=','admin','Adv','index','GET','a:3:{s:5:\"title\";s:0:\"\";s:11:\"position_id\";s:1:\"2\";s:6:\"status\";s:0:\"\";}',1501232197),(458,1,'0.0.0.0','保留地址 保留地址  ','Windows 7','Chrome(59.0.3071.115)','http://localhost/jdtm/public/admin/adv/resume/id/3.html','admin','Adv','resume','POST','a:1:{s:2:\"id\";s:1:\"3\";}',1501232507),(459,1,'0.0.0.0','保留地址 保留地址  ','Windows 7','Chrome(59.0.3071.115)','http://localhost/jdtm/public/admin','admin','Index','index','GET','a:0:{}',1501232519),(460,1,'0.0.0.0','保留地址 保留地址  ','Windows 7','Chrome(59.0.3071.115)','http://localhost/jdtm/public/admin/index/welcome.html','admin','Index','welcome','GET','a:0:{}',1501232520),(461,1,'0.0.0.0','保留地址 保留地址  ','Windows 7','Chrome(59.0.3071.115)','http://localhost/jdtm/public/admin/adv_position/index.html','admin','AdvPosition','index','GET','a:0:{}',1501233284),(462,1,'0.0.0.0','保留地址 保留地址  ','Windows 7','Chrome(59.0.3071.115)','http://localhost/jdtm/public/admin/adv_position/edit/id/2.html','admin','AdvPosition','edit','GET','a:1:{s:2:\"id\";s:1:\"2\";}',1501233286),(463,1,'0.0.0.0','保留地址 保留地址  ','Windows 7','Chrome(59.0.3071.115)','http://localhost/jdtm/public/admin/adv_position/edit/id/2.html','admin','AdvPosition','edit','POST','a:4:{s:2:\"id\";s:1:\"2\";s:4:\"name\";s:18:\"滚动优惠信息\";s:4:\"code\";s:200:\"&lt;div id=&quot;index_subject&quot; class=&quot;zt_class&quot;&gt;\r\n                {volist name=&quot;discount&quot; id=&quot;vo&quot;}\r\n                    &lt;ul&gt;\r\n                        &lt;l\";s:6:\"status\";s:1:\"1\";}',1501233290),(464,1,'0.0.0.0','保留地址 保留地址  ','Windows 7','Chrome(59.0.3071.115)','http://localhost/jdtm/public/admin/adv_position/index.html','admin','AdvPosition','index','GET','a:0:{}',1501233290),(465,1,'0.0.0.0','保留地址 保留地址  ','Windows 7','Chrome(59.0.3071.115)','http://localhost/jdtm/public/admin/adv/index.html','admin','Adv','index','GET','a:0:{}',1501233665),(466,1,'0.0.0.0','保留地址 保留地址  ','Windows 7','Chrome(59.0.3071.115)','http://localhost/jdtm/public/admin/adv_position/index.html','admin','AdvPosition','index','GET','a:0:{}',1501233667),(467,1,'0.0.0.0','保留地址 保留地址  ','Windows 7','Chrome(59.0.3071.115)','http://localhost/jdtm/public/admin/adv/index.html','admin','Adv','index','GET','a:0:{}',1501233668),(468,1,'0.0.0.0','保留地址 保留地址  ','Windows 7','Chrome(59.0.3071.115)','http://localhost/jdtm/public/admin/adv/index.html?title=%E5%A4%8F%E5%A5%B3%E8%A3%85&position_id=&status=','admin','Adv','index','GET','a:3:{s:5:\"title\";s:9:\"夏女装\";s:11:\"position_id\";s:0:\"\";s:6:\"status\";s:0:\"\";}',1501233696),(469,1,'0.0.0.0','保留地址 保留地址  ','Windows 7','Chrome(59.0.3071.115)','http://localhost/jdtm/public/admin/adv/index.html?title=&position_id=1&status=','admin','Adv','index','GET','a:3:{s:5:\"title\";s:0:\"\";s:11:\"position_id\";s:1:\"1\";s:6:\"status\";s:0:\"\";}',1501233704),(470,1,'0.0.0.0','保留地址 保留地址  ','Windows 7','Chrome(59.0.3071.115)','http://localhost/jdtm/public/admin/adv/index.html?title=&position_id=1&status=0','admin','Adv','index','GET','a:3:{s:5:\"title\";s:0:\"\";s:11:\"position_id\";s:1:\"1\";s:6:\"status\";s:1:\"0\";}',1501233710),(471,1,'0.0.0.0','保留地址 保留地址  ','Windows 7','Chrome(59.0.3071.115)','http://localhost/jdtm/public/admin/adv/index.html?title=&position_id=1&status=1','admin','Adv','index','GET','a:3:{s:5:\"title\";s:0:\"\";s:11:\"position_id\";s:1:\"1\";s:6:\"status\";s:1:\"1\";}',1501233714),(472,1,'0.0.0.0','保留地址 保留地址  ','Windows 7','Chrome(59.0.3071.115)','http://localhost/jdtm/public/admin/adv/forbid/id/1.html','admin','Adv','forbid','POST','a:1:{s:2:\"id\";s:1:\"1\";}',1501233717),(473,1,'0.0.0.0','保留地址 保留地址  ','Windows 7','Chrome(59.0.3071.115)','http://localhost/jdtm/public/admin/adv/index.html?title=&position_id=1&status=0','admin','Adv','index','GET','a:3:{s:5:\"title\";s:0:\"\";s:11:\"position_id\";s:1:\"1\";s:6:\"status\";s:1:\"0\";}',1501233721),(474,1,'0.0.0.0','保留地址 保留地址  ','Windows 7','Chrome(59.0.3071.115)','http://localhost/jdtm/public/admin','admin','Index','index','GET','a:0:{}',1501234246),(475,1,'0.0.0.0','保留地址 保留地址  ','Windows 7','Chrome(59.0.3071.115)','http://localhost/jdtm/public/admin/index/welcome.html','admin','Index','welcome','GET','a:0:{}',1501234246),(476,1,'0.0.0.0','保留地址 保留地址  ','Windows 7','Chrome(59.0.3071.115)','http://localhost/jdtm/public/admin/adv/index.html','admin','Adv','index','GET','a:0:{}',1501234446),(477,1,'0.0.0.0','保留地址 保留地址  ','Windows 7','Chrome(59.0.3071.115)','http://localhost/jdtm/public/admin/adv_position/index.html','admin','AdvPosition','index','GET','a:0:{}',1501235205),(478,1,'0.0.0.0','保留地址 保留地址  ','Windows 7','Chrome(59.0.3071.115)','http://localhost/jdtm/public/admin/adv/index.html','admin','Adv','index','GET','a:0:{}',1501235206),(479,1,'0.0.0.0','保留地址 保留地址  ','Windows 7','Chrome(59.0.3071.115)','http://localhost/jdtm/public/admin/adv_position/index.html','admin','AdvPosition','index','GET','a:0:{}',1501235207),(480,1,'0.0.0.0','保留地址 保留地址  ','Windows 7','Chrome(59.0.3071.115)','http://localhost/jdtm/public/admin/adv/delete.html','admin','Adv','delete','POST','a:1:{s:2:\"id\";s:1:\"6\";}',1501235260),(481,1,'0.0.0.0','保留地址 保留地址  ','Windows 7','Chrome(59.0.3071.115)','http://localhost/jdtm/public/admin/adv/index.html','admin','Adv','index','GET','a:0:{}',1501235260),(482,1,'0.0.0.0','保留地址 保留地址  ','Windows 7','Chrome(59.0.3071.115)','http://localhost/jdtm/public/admin','admin','Index','index','GET','a:0:{}',1501235336),(483,1,'0.0.0.0','保留地址 保留地址  ','Windows 7','Chrome(59.0.3071.115)','http://localhost/jdtm/public/admin/index/welcome.html','admin','Index','welcome','GET','a:0:{}',1501235337),(484,1,'0.0.0.0','保留地址 保留地址  ','Windows 7','Chrome(59.0.3071.115)','http://localhost/jdtm/public/admin/adv/index.html','admin','Adv','index','GET','a:0:{}',1501235339),(485,1,'0.0.0.0','保留地址 保留地址  ','Windows 7','Chrome(59.0.3071.115)','http://localhost/jdtm/public/admin/adv_position/index.html','admin','AdvPosition','index','GET','a:0:{}',1501235340),(486,1,'0.0.0.0','保留地址 保留地址  ','Windows 7','Chrome(59.0.3071.115)','http://localhost/jdtm/public/admin/adv_position/recyclebin.html','admin','AdvPosition','recyclebin','GET','a:0:{}',1501235341),(487,1,'0.0.0.0','保留地址 保留地址  ','Windows 7','Chrome(59.0.3071.115)','http://localhost/jdtm/public/admin/adv/index.html','admin','Adv','index','GET','a:0:{}',1501235344),(488,1,'0.0.0.0','保留地址 保留地址  ','Windows 7','Chrome(59.0.3071.115)','http://localhost/jdtm/public/admin/adv/recyclebin.html','admin','Adv','recyclebin','GET','a:0:{}',1501235344),(489,1,'0.0.0.0','保留地址 保留地址  ','Windows 7','Chrome(59.0.3071.115)','http://localhost/jdtm/public/admin/adv/index.html','admin','Adv','index','GET','a:0:{}',1501235365),(490,1,'0.0.0.0','保留地址 保留地址  ','Windows 7','Chrome(59.0.3071.115)','http://localhost/jdtm/public/admin/adv/recyclebin.html','admin','Adv','recyclebin','GET','a:0:{}',1501235367),(491,1,'0.0.0.0','保留地址 保留地址  ','Windows 7','Chrome(59.0.3071.115)','http://localhost/jdtm/public/admin/adv/recyclebin.html','admin','Adv','recyclebin','GET','a:0:{}',1501235367),(492,1,'0.0.0.0','保留地址 保留地址  ','Windows 7','Chrome(59.0.3071.115)','http://localhost/jdtm/public/admin/adv/index.html','admin','Adv','index','GET','a:0:{}',1501235457),(493,1,'0.0.0.0','保留地址 保留地址  ','Windows 7','Chrome(59.0.3071.115)','http://localhost/jdtm/public/admin/adv/recyclebin.html','admin','Adv','recyclebin','GET','a:0:{}',1501235459),(494,1,'0.0.0.0','保留地址 保留地址  ','Windows 7','Chrome(59.0.3071.115)','http://localhost/jdtm/public/admin/adv/recycle.html','admin','Adv','recycle','POST','a:1:{s:2:\"id\";s:1:\"6\";}',1501235466),(495,1,'0.0.0.0','保留地址 保留地址  ','Windows 7','Chrome(59.0.3071.115)','http://localhost/jdtm/public/admin/adv/recyclebin.html','admin','Adv','recyclebin','GET','a:0:{}',1501235466),(496,1,'0.0.0.0','保留地址 保留地址  ','Windows 7','Chrome(59.0.3071.115)','http://localhost/jdtm/public/admin/adv/index.html','admin','Adv','index','GET','a:0:{}',1501235470),(497,1,'0.0.0.0','保留地址 保留地址  ','Windows 7','Chrome(59.0.3071.115)','http://localhost/jdtm/public/admin','admin','Index','index','GET','a:0:{}',1501237524),(498,1,'0.0.0.0','保留地址 保留地址  ','Windows 7','Chrome(59.0.3071.115)','http://localhost/jdtm/public/admin/index/welcome.html','admin','Index','welcome','GET','a:0:{}',1501237525),(499,1,'0.0.0.0','保留地址 保留地址  ','Windows 7','Chrome(59.0.3071.115)','http://localhost/jdtm/public/admin/adv/index.html','admin','Adv','index','GET','a:0:{}',1501237721),(500,1,'0.0.0.0','保留地址 保留地址  ','Windows 7','Chrome(59.0.3071.115)','http://localhost/jdtm/public/admin/adv_position/index.html','admin','AdvPosition','index','GET','a:0:{}',1501237724),(501,1,'0.0.0.0','保留地址 保留地址  ','Windows 7','Chrome(59.0.3071.115)','http://localhost/jdtm/public/admin/adv/index.html','admin','Adv','index','GET','a:0:{}',1501237726),(502,1,'0.0.0.0','保留地址 保留地址  ','Windows 7','Chrome(59.0.3071.115)','http://localhost/jdtm/public/admin/adv_position/index.html','admin','AdvPosition','index','GET','a:0:{}',1501237727),(503,1,'0.0.0.0','保留地址 保留地址  ','Windows 7','Chrome(59.0.3071.115)','http://localhost/jdtm/public/admin/adv/index.html','admin','Adv','index','GET','a:0:{}',1501237727),(504,1,'0.0.0.0','保留地址 保留地址  ','Windows 7','Chrome(59.0.3071.115)','http://localhost/jdtm/public/admin/adv_position/index.html','admin','AdvPosition','index','GET','a:0:{}',1501237728),(505,1,'0.0.0.0','保留地址 保留地址  ','Windows 7','Chrome(59.0.3071.115)','http://localhost/jdtm/public/admin/adv/index.html','admin','Adv','index','GET','a:0:{}',1501237728),(506,1,'0.0.0.0','保留地址 保留地址  ','Windows 7','Chrome(59.0.3071.115)','http://localhost/jdtm/public/admin/adv_position/index.html','admin','AdvPosition','index','GET','a:0:{}',1501237729),(507,1,'0.0.0.0','保留地址 保留地址  ','Windows 7','Chrome(59.0.3071.115)','http://localhost/jdtm/public/admin/adv/index.html','admin','Adv','index','GET','a:0:{}',1501237730),(508,1,'0.0.0.0','保留地址 保留地址  ','Windows 7','Chrome(59.0.3071.115)','http://localhost/jdtm/public/admin/adv_position/index.html','admin','AdvPosition','index','GET','a:0:{}',1501237730),(509,1,'0.0.0.0','保留地址 保留地址  ','Windows 7','Chrome(59.0.3071.115)','http://localhost/jdtm/public/admin/adv/index.html','admin','Adv','index','GET','a:0:{}',1501237730),(510,1,'0.0.0.0','保留地址 保留地址  ','Windows 7','Chrome(59.0.3071.115)','http://localhost/jdtm/public/admin/adv_position/index.html','admin','AdvPosition','index','GET','a:0:{}',1501237731),(511,1,'0.0.0.0','保留地址 保留地址  ','Windows 7','Chrome(59.0.3071.115)','http://localhost/jdtm/public/admin/adv/index.html','admin','Adv','index','GET','a:0:{}',1501237731),(512,1,'0.0.0.0','保留地址 保留地址  ','Windows 7','Chrome(59.0.3071.115)','http://localhost/jdtm/public/admin/adv_position/index.html','admin','AdvPosition','index','GET','a:0:{}',1501237732),(513,1,'0.0.0.0','保留地址 保留地址  ','Windows 7','Chrome(59.0.3071.115)','http://localhost/jdtm/public/admin/adv/index.html','admin','Adv','index','GET','a:0:{}',1501237732),(514,1,'0.0.0.0','保留地址 保留地址  ','Windows 7','Chrome(59.0.3071.115)','http://localhost/jdtm/public/admin/adv_position/index.html','admin','AdvPosition','index','GET','a:0:{}',1501237733),(515,1,'0.0.0.0','保留地址 保留地址  ','Windows 7','Chrome(59.0.3071.115)','http://localhost/jdtm/public/admin/adv/index.html','admin','Adv','index','GET','a:0:{}',1501237733),(516,1,'0.0.0.0','保留地址 保留地址  ','Windows 7','Chrome(59.0.3071.115)','http://localhost/jdtm/public/admin/adv_position/index.html','admin','AdvPosition','index','GET','a:0:{}',1501237733),(517,1,'0.0.0.0','保留地址 保留地址  ','Windows 7','Chrome(59.0.3071.115)','http://localhost/jdtm/public/admin/adv/index.html','admin','Adv','index','GET','a:0:{}',1501237734),(518,1,'0.0.0.0','保留地址 保留地址  ','Windows 7','Chrome(59.0.3071.115)','http://localhost/jdtm/public/admin/adv_position/index.html','admin','AdvPosition','index','GET','a:0:{}',1501237734),(519,1,'0.0.0.0','保留地址 保留地址  ','Windows 7','Chrome(59.0.3071.115)','http://localhost/jdtm/public/admin/adv/index.html','admin','Adv','index','GET','a:0:{}',1501237734),(520,1,'0.0.0.0','保留地址 保留地址  ','Windows 7','Chrome(59.0.3071.115)','http://localhost/jdtm/public/admin/adv_position/index.html','admin','AdvPosition','index','GET','a:0:{}',1501237735),(521,1,'0.0.0.0','保留地址 保留地址  ','Windows 7','Chrome(59.0.3071.115)','http://localhost/jdtm/public/admin/adv/index.html','admin','Adv','index','GET','a:0:{}',1501237735),(522,1,'0.0.0.0','保留地址 保留地址  ','Windows 7','Chrome(59.0.3071.115)','http://localhost/jdtm/public/admin/adv_position/index.html','admin','AdvPosition','index','GET','a:0:{}',1501237735),(523,1,'0.0.0.0','保留地址 保留地址  ','Windows 7','Chrome(59.0.3071.115)','http://localhost/jdtm/public/admin/adv/index.html','admin','Adv','index','GET','a:0:{}',1501237736),(524,1,'0.0.0.0','保留地址 保留地址  ','Windows 7','Chrome(59.0.3071.115)','http://localhost/jdtm/public/admin/adv_position/index.html','admin','AdvPosition','index','GET','a:0:{}',1501237736),(525,1,'0.0.0.0','保留地址 保留地址  ','Windows 7','Chrome(59.0.3071.115)','http://localhost/jdtm/public/admin/adv/index.html','admin','Adv','index','GET','a:0:{}',1501237737),(526,1,'0.0.0.0','保留地址 保留地址  ','Windows 7','Chrome(59.0.3071.115)','http://localhost/jdtm/public/admin/adv_position/index.html','admin','AdvPosition','index','GET','a:0:{}',1501237737),(527,1,'0.0.0.0','保留地址 保留地址  ','Windows 7','Chrome(59.0.3071.115)','http://localhost/jdtm/public/admin/adv/index.html','admin','Adv','index','GET','a:0:{}',1501237737),(528,1,'0.0.0.0','保留地址 保留地址  ','Windows 7','Chrome(59.0.3071.115)','http://localhost/jdtm/public/admin/adv_position/index.html','admin','AdvPosition','index','GET','a:0:{}',1501237738),(529,1,'0.0.0.0','保留地址 保留地址  ','Windows 7','Chrome(59.0.3071.115)','http://localhost/jdtm/public/admin/adv/index.html','admin','Adv','index','GET','a:0:{}',1501237738),(530,1,'0.0.0.0','保留地址 保留地址  ','Windows 7','Chrome(59.0.3071.115)','http://localhost/jdtm/public/admin/adv_position/index.html','admin','AdvPosition','index','GET','a:0:{}',1501237739),(531,1,'0.0.0.0','保留地址 保留地址  ','Windows 7','Chrome(59.0.3071.115)','http://localhost/jdtm/public/admin/adv/index.html','admin','Adv','index','GET','a:0:{}',1501237739),(532,1,'0.0.0.0','保留地址 保留地址  ','Windows 7','Chrome(59.0.3071.115)','http://localhost/jdtm/public/admin/adv_position/index.html','admin','AdvPosition','index','GET','a:0:{}',1501237739);

/*Table structure for table `tp_web_log_all` */

DROP TABLE IF EXISTS `tp_web_log_all`;

CREATE TABLE `tp_web_log_all` (
  `id` int(10) unsigned NOT NULL AUTO_INCREMENT COMMENT '日志主键',
  `uid` smallint(5) unsigned NOT NULL DEFAULT '0' COMMENT '用户id',
  `ip` char(15) NOT NULL DEFAULT '' COMMENT '访客ip',
  `location` varchar(255) NOT NULL DEFAULT '' COMMENT '访客地址',
  `os` varchar(255) NOT NULL DEFAULT '' COMMENT '操作系统',
  `browser` varchar(255) NOT NULL DEFAULT '' COMMENT '浏览器',
  `url` varchar(255) NOT NULL DEFAULT '' COMMENT 'url',
  `module` varchar(255) NOT NULL DEFAULT '' COMMENT '模块',
  `controller` varchar(255) NOT NULL DEFAULT '' COMMENT '控制器',
  `action` varchar(255) NOT NULL DEFAULT '' COMMENT '方法',
  `method` char(6) NOT NULL DEFAULT '' COMMENT '请求方式',
  `data` text COMMENT '请求的param数据，serialize后的',
  `create_at` int(10) unsigned NOT NULL DEFAULT '0' COMMENT '操作时间',
  PRIMARY KEY (`id`),
  KEY `uid` (`uid`) USING BTREE,
  KEY `ip` (`ip`) USING BTREE,
  KEY `create_at` (`create_at`) USING BTREE
) ENGINE=MRG_MyISAM DEFAULT CHARSET=utf8 ROW_FORMAT=DYNAMIC INSERT_METHOD=LAST UNION=(`tp_web_log_001`) COMMENT='网站日志';

/*!40101 SET SQL_MODE=@OLD_SQL_MODE */;
/*!40014 SET FOREIGN_KEY_CHECKS=@OLD_FOREIGN_KEY_CHECKS */;
/*!40014 SET UNIQUE_CHECKS=@OLD_UNIQUE_CHECKS */;
/*!40111 SET SQL_NOTES=@OLD_SQL_NOTES */;
